case_id,target,scale,region_kind,perturb_timestep,mode,model,target_var,mask_center_lat,mask_center_lon,pooled_saliency,dose_mm,actual_target_score,plus_target_score,minus_target_score,plus_target_delta,minus_target_delta,signed_target_response,common_target_response,mean_abs_target_delta,output_opposite_sign,magnitude,perturb_level_hpa,plus_clip_frac,minus_clip_frac,plus_realized_frac,minus_realized_frac,pair_asymmetry
alps_east_2020-06-29T06:00:00,alps_east,local,hotspot,t1,precip_trace,precip_only,q850,47.72747747747748,11.252625838336058,9.22260369407013e-05,2.11,7.442893028259277,7.42874813079834,7.4478888511657715,-0.0141448974609375,0.004995822906494141,-0.00957036018371582,-0.00457453727722168,0.00957036018371582,True,,,,,,,
alps_east_2020-06-29T06:00:00,alps_east,local,hotspot,t1,q850_trace,precip_only,q850,47.72747747747748,11.252625838336058,9.22260369407013e-05,,7.442893028259277,8.52341365814209,6.620724678039551,1.0805206298828125,-0.8221683502197266,0.9513444900512695,0.12917613983154297,0.9513444900512695,True,1.0,850,0.0,0.0,1.0,1.0,0.0
alps_east_2020-06-29T06:00:00,alps_east,local,low_near,t1,precip_trace,precip_only,q850,57.72747747747748,351.25262583833603,2.0959887478966266e-06,2.11,7.442893028259277,7.443696975708008,7.442965030670166,0.0008039474487304688,7.200241088867188e-05,0.00036597251892089844,0.0004379749298095703,0.0004379749298095703,False,,,,,,,
alps_east_2020-06-29T06:00:00,alps_east,local,low_near,t1,q850_trace,precip_only,q850,57.72747747747748,351.25262583833603,2.0959887478966266e-06,,7.442893028259277,7.44803524017334,7.442447662353516,0.0051422119140625,-0.00044536590576171875,0.0027937889099121094,0.0023484230041503906,0.0027937889099121094,True,1.0,850,0.0,0.0,1.0,1.0,0.0
alps_east_2020-06-29T06:00:00,alps_east,synoptic,hotspot,t1,precip_trace,precip_only,q850,50.22747747747748,8.752625838336058,0.0001581767137395218,2.11,7.442893028259277,7.427738189697266,7.44356107711792,-0.015154838562011719,0.0006680488586425781,-0.007911443710327148,-0.00724339485168457,0.007911443710327148,True,,,,,,,
alps_east_2020-06-29T06:00:00,alps_east,synoptic,hotspot,t1,q850_trace,precip_only,q850,50.22747747747748,8.752625838336058,0.0001581767137395218,,7.442893028259277,8.607516288757324,6.585263729095459,1.1646232604980469,-0.8576292991638184,1.0111262798309326,0.15349698066711426,1.0111262798309326,True,1.0,850,0.0,0.004119016552818072,1.0,0.9971609242037252,0.0028390757962748836
alps_east_2020-06-29T06:00:00,alps_east,synoptic,low_near,t1,precip_trace,precip_only,q850,30.22747747747748,18.75262583833606,1.5600626284140162e-05,2.11,7.442893028259277,7.445290565490723,7.446368217468262,0.0023975372314453125,0.003475189208984375,-0.0005388259887695312,0.0029363632202148438,0.0029363632202148438,False,,,,,,,
alps_east_2020-06-29T06:00:00,alps_east,synoptic,low_near,t1,q850_trace,precip_only,q850,30.22747747747748,18.75262583833606,1.5600626284140162e-05,,7.442893028259277,7.4435296058654785,7.437142848968506,0.0006365776062011719,-0.005750179290771484,0.003193378448486328,-0.0025568008422851562,0.003193378448486328,True,1.0,850,0.0,0.006735983971812498,1.0,0.9941714463220398,0.0058285536779601735
andes_2020-03-25T12:00:00,andes,local,hotspot,t1,precip_trace,precip_only,q850,-32.52252252252252,290.54529172445586,0.00013807686627842486,2.11,5.771646022796631,5.818268299102783,5.766211032867432,0.046622276306152344,-0.005434989929199219,0.02602863311767578,0.020593643188476562,0.02602863311767578,True,,,,,,,
andes_2020-03-25T12:00:00,andes,local,hotspot,t1,q850_trace,precip_only,q850,-32.52252252252252,290.54529172445586,0.00013807686627842486,,5.771646022796631,7.2993292808532715,4.288065433502197,1.5276832580566406,-1.4835805892944336,1.505631923675537,0.022051334381103516,1.505631923675537,True,1.0,850,0.0,0.00641025641025641,1.0,0.9943908805094404,0.005609119490559675
andes_2020-03-25T12:00:00,andes,local,low_near,t1,precip_trace,precip_only,q850,-42.52252252252252,275.54529172445586,2.205087639595149e-06,2.11,5.771646022796631,5.769009590148926,5.767986297607422,-0.002636432647705078,-0.0036597251892089844,0.0005116462707519531,-0.0031480789184570312,0.0031480789184570312,False,,,,,,,
andes_2020-03-25T12:00:00,andes,local,low_near,t1,q850_trace,precip_only,q850,-42.52252252252252,275.54529172445586,2.205087639595149e-06,,5.771646022796631,5.769667148590088,5.769492149353027,-0.0019788742065429688,-0.0021538734436035156,8.749961853027344e-05,-0.002066373825073242,0.002066373825073242,False,1.0,850,0.0,0.0,1.0,1.0,0.0
andes_2020-03-25T12:00:00,andes,synoptic,hotspot,t1,precip_trace,precip_only,q850,-35.02252252252252,288.04529172445586,0.0002186853380408138,2.11,5.771646022796631,5.820557594299316,5.76861572265625,0.04891157150268555,-0.0030303001403808594,0.025970935821533203,0.022940635681152344,0.025970935821533203,True,,,,,,,
andes_2020-03-25T12:00:00,andes,synoptic,hotspot,t1,q850_trace,precip_only,q850,-35.02252252252252,288.04529172445586,0.0002186853380408138,,5.771646022796631,7.4746856689453125,4.1082940101623535,1.7030396461486816,-1.6633520126342773,1.6831958293914795,0.01984381675720215,1.6831958293914795,True,1.0,850,0.0,0.008353808353808353,1.0,0.9939236383230915,0.006076361676908491
andes_2020-03-25T12:00:00,andes,synoptic,low_near,t1,precip_trace,precip_only,q850,-45.02252252252252,273.04529172445586,1.6329822756233625e-05,2.11,5.771646022796631,5.770477771759033,5.770078182220459,-0.0011682510375976562,-0.001567840576171875,0.00019979476928710938,-0.0013680458068847656,0.0013680458068847656,False,,,,,,,
andes_2020-03-25T12:00:00,andes,synoptic,low_near,t1,q850_trace,precip_only,q850,-45.02252252252252,273.04529172445586,1.6329822756233625e-05,,5.771646022796631,5.797852993011475,5.732748985290527,0.02620697021484375,-0.038897037506103516,0.03255200386047363,-0.006345033645629883,0.03255200386047363,True,1.0,850,0.0,0.017014781945111784,1.0,0.9856767165060454,0.014323283493954649
aquitaine_basin_2020-10-02T06:00:00,aquitaine_basin,local,hotspot,t1,precip_trace,precip_only,q850,44.97747747747748,359.3983431897952,7.633692439412698e-05,2.11,4.696399211883545,4.707793235778809,4.698479652404785,0.011394023895263672,0.0020804405212402344,0.004656791687011719,0.006737232208251953,0.006737232208251953,False,,,,,,,
aquitaine_basin_2020-10-02T06:00:00,aquitaine_basin,local,hotspot,t1,q850_trace,precip_only,q850,44.97747747747748,359.3983431897952,7.633692439412698e-05,,4.696399211883545,5.739144325256348,3.8936777114868164,1.0427451133728027,-0.8027215003967285,0.9227333068847656,0.12001180648803711,0.9227333068847656,True,1.0,850,0.0,0.0,1.0,1.0,0.0
aquitaine_basin_2020-10-02T06:00:00,aquitaine_basin,local,low_near,t1,precip_trace,precip_only,q850,54.97747747747748,344.3983431897952,1.489134206167364e-06,2.11,4.696399211883545,4.690439701080322,4.692665100097656,-0.005959510803222656,-0.003734111785888672,-0.0011126995086669922,-0.004846811294555664,0.004846811294555664,False,,,,,,,
aquitaine_basin_2020-10-02T06:00:00,aquitaine_basin,local,low_near,t1,q850_trace,precip_only,q850,54.97747747747748,344.3983431897952,1.489134206167364e-06,,4.696399211883545,4.688050746917725,4.6969122886657715,-0.008348464965820312,0.0005130767822265625,-0.0044307708740234375,-0.003917694091796875,0.0044307708740234375,True,1.0,850,0.0,0.05391832958900489,1.0,0.9490475464748457,0.05095245352515427
aquitaine_basin_2020-10-02T06:00:00,aquitaine_basin,synoptic,hotspot,t1,precip_trace,precip_only,q850,42.47747747747748,359.3983431897952,0.0001375502033624798,2.11,4.696399211883545,4.712792873382568,4.695025444030762,0.016393661499023438,-0.0013737678527832031,0.00888371467590332,0.007509946823120117,0.00888371467590332,True,,,,,,,
aquitaine_basin_2020-10-02T06:00:00,aquitaine_basin,synoptic,hotspot,t1,q850_trace,precip_only,q850,42.47747747747748,359.3983431897952,0.0001375502033624798,,4.696399211883545,5.896194934844971,3.828968048095703,1.1997957229614258,-0.8674311637878418,1.0336134433746338,0.166182279586792,1.0336134433746338,True,1.0,850,0.0,5.900575306092344e-05,1.0,0.9999970431795929,2.956820407020636e-06
aquitaine_basin_2020-10-02T06:00:00,aquitaine_basin,synoptic,low_near,t1,precip_trace,precip_only,q850,57.47747747747748,19.39834318979516,1.4005709090270102e-05,2.11,4.696399211883545,4.695748805999756,4.694513320922852,-0.0006504058837890625,-0.0018858909606933594,0.0006177425384521484,-0.001268148422241211,0.001268148422241211,False,,,,,,,
aquitaine_basin_2020-10-02T06:00:00,aquitaine_basin,synoptic,low_near,t1,q850_trace,precip_only,q850,57.47747747747748,19.39834318979516,1.4005709090270102e-05,,4.696399211883545,4.70667028427124,4.667174816131592,0.010271072387695312,-0.029224395751953125,0.01974773406982422,-0.009476661682128906,0.01974773406982422,True,1.0,850,0.0,0.002021331498365732,1.0,0.9995059333881956,0.0004940666118043679
atlas_2020-03-19T18:00:00,atlas,local,hotspot,t1,precip_trace,precip_only,q850,32.47747747747748,354.79529172445586,8.581561996834353e-05,2.11,6.107126712799072,6.110844135284424,6.108969688415527,0.0037174224853515625,0.0018429756164550781,0.0009372234344482422,0.0027801990509033203,0.0027801990509033203,False,,,,,,,
atlas_2020-03-19T18:00:00,atlas,local,hotspot,t1,q850_trace,precip_only,q850,32.47747747747748,354.79529172445586,8.581561996834353e-05,,6.107126712799072,6.790768623352051,4.551074504852295,0.6836419105529785,-1.5560522079467773,1.119847059249878,-0.4362051486968994,1.119847059249878,True,1.0,850,0.0,0.006802721088435374,1.0000000785500416,0.994631026103907,0.005369052024395441
atlas_2020-03-19T18:00:00,atlas,local,low_near,t1,precip_trace,precip_only,q850,42.47747747747748,7.295291724455865,1.2054101716785226e-06,2.11,6.107126712799072,6.107022762298584,6.106992721557617,-0.00010395050048828125,-0.00013399124145507812,1.5020370483398438e-05,-0.00011897087097167969,0.00011897087097167969,False,,,,,,,
atlas_2020-03-19T18:00:00,atlas,local,low_near,t1,q850_trace,precip_only,q850,42.47747747747748,7.295291724455865,1.2054101716785226e-06,,6.107126712799072,6.108686447143555,6.107285022735596,0.0015597343444824219,0.0001583099365234375,0.0007007122039794922,0.0008590221405029297,0.0008590221405029297,False,1.0,850,0.0,0.045686141304347824,1.0,0.9528711349024138,0.04712886509758618
atlas_2020-03-19T18:00:00,atlas,synoptic,hotspot,t1,precip_trace,precip_only,q850,34.97747747747748,352.29529172445586,0.00014367081166710705,2.11,6.107126712799072,6.112150192260742,6.108119010925293,0.005023479461669922,0.0009922981262207031,0.0020155906677246094,0.0030078887939453125,0.0030078887939453125,False,,,,,,,
atlas_2020-03-19T18:00:00,atlas,synoptic,hotspot,t1,q850_trace,precip_only,q850,34.97747747747748,352.29529172445586,0.00014367081166710705,,6.107126712799072,6.869685173034668,4.379372596740723,0.7625584602355957,-1.7277541160583496,1.2451562881469727,-0.48259782791137695,1.2451562881469727,True,1.0,850,0.0,0.005441195751933919,0.9999998940356032,0.996696665893833,0.003303228491794805
atlas_2020-03-19T18:00:00,atlas,synoptic,low_near,t1,precip_trace,precip_only,q850,49.97747747747748,357.29529172445586,9.972637599275913e-06,2.11,6.107126712799072,6.106659889221191,6.106963157653809,-0.0004668235778808594,-0.00016355514526367188,-0.00015163421630859375,-0.0003151893615722656,0.0003151893615722656,False,,,,,,,
atlas_2020-03-19T18:00:00,atlas,synoptic,low_near,t1,q850_trace,precip_only,q850,49.97747747747748,357.29529172445586,9.972637599275913e-06,,6.107126712799072,6.119977951049805,6.08173131942749,0.012851238250732422,-0.02539539337158203,0.019123315811157227,-0.006272077560424805,0.019123315811157227,True,1.0,850,0.0,0.049004475999382624,0.999999916833803,0.9354369169425844,0.06456300526067824
california_2020-12-13T18:00:00,california,local,hotspot,t1,precip_trace,precip_only,q850,38.22747747747748,234.32046739745803,5.3696090617449954e-05,2.11,4.947642803192139,4.953320503234863,4.9474334716796875,0.005677700042724609,-0.00020933151245117188,0.0029435157775878906,0.0027341842651367188,0.0029435157775878906,True,,,,,,,
california_2020-12-13T18:00:00,california,local,hotspot,t1,q850_trace,precip_only,q850,38.22747747747748,234.32046739745803,5.3696090617449954e-05,,4.947642803192139,5.64487361907959,3.689890146255493,0.6972308158874512,-1.2577526569366455,0.9774917364120483,-0.28026092052459717,0.9774917364120483,True,1.0,850,0.0,0.0,1.0,1.0,0.0
california_2020-12-13T18:00:00,california,local,low_near,t1,precip_trace,precip_only,q850,50.72747747747748,249.32046739745803,1.0240736401101458e-06,2.11,4.947642803192139,4.947470664978027,4.94809627532959,-0.00017213821411132812,0.0004534721374511719,-0.00031280517578125,0.00014066696166992188,0.00031280517578125,True,,,,,,,
california_2020-12-13T18:00:00,california,local,low_near,t1,q850_trace,precip_only,q850,50.72747747747748,249.32046739745803,1.0240736401101458e-06,,4.947642803192139,4.9475321769714355,4.948999881744385,-0.000110626220703125,0.0013570785522460938,-0.0007338523864746094,0.0006232261657714844,0.0007338523864746094,True,1.0,850,0.0,0.24030329542140566,1.0,0.4924827299386906,0.5075172700613094
california_2020-12-13T18:00:00,california,synoptic,hotspot,t1,precip_trace,precip_only,q850,35.72747747747748,234.32046739745803,0.0001035681925714016,2.11,4.947642803192139,4.9499006271362305,4.946341037750244,0.002257823944091797,-0.0013017654418945312,0.001779794692993164,0.0004780292510986328,0.001779794692993164,True,,,,,,,
california_2020-12-13T18:00:00,california,synoptic,hotspot,t1,q850_trace,precip_only,q850,35.72747747747748,234.32046739745803,0.0001035681925714016,,4.947642803192139,5.781121730804443,3.6082475185394287,0.8334789276123047,-1.33939528465271,1.0864371061325073,-0.25295817852020264,1.0864371061325073,True,1.0,850,0.0,0.059377333376619164,1.0,0.9463825186660574,0.05361748133394267
california_2020-12-13T18:00:00,california,synoptic,low_near,t1,precip_trace,precip_only,q850,50.72747747747748,254.32046739745803,8.604457434557844e-06,2.11,4.947642803192139,4.947576999664307,4.947271823883057,-6.580352783203125e-05,-0.00037097930908203125,0.000152587890625,-0.00021839141845703125,0.00021839141845703125,False,,,,,,,
california_2020-12-13T18:00:00,california,synoptic,low_near,t1,q850_trace,precip_only,q850,50.72747747747748,254.32046739745803,8.604457434557844e-06,,4.947642803192139,4.971206188201904,4.931270122528076,0.023563385009765625,-0.0163726806640625,0.019968032836914062,0.0035953521728515625,0.019968032836914062,True,1.0,850,0.0,0.22380313425656345,1.0,0.5443047756764156,0.45569522432358445
canterbury_plain_2020-02-22T06:00:00,canterbury_plain,local,hotspot,t1,precip_trace,precip_only,q850,-43.52252252252252,172.2004848495109,6.510733510367572e-05,2.11,4.565371036529541,4.587724685668945,4.567209720611572,0.022353649139404297,0.00183868408203125,0.010257482528686523,0.012096166610717773,0.012096166610717773,False,,,,,,,
canterbury_plain_2020-02-22T06:00:00,canterbury_plain,local,hotspot,t1,q850_trace,precip_only,q850,-43.52252252252252,172.2004848495109,6.510733510367572e-05,,4.565371036529541,5.5481414794921875,2.378699779510498,0.9827704429626465,-2.186671257019043,1.5847208499908447,-0.6019504070281982,1.5847208499908447,True,1.0,850,0.0,0.004004004004004004,1.0,0.9969186910641771,0.0030813089358229205
canterbury_plain_2020-02-22T06:00:00,canterbury_plain,local,low_near,t1,precip_trace,precip_only,q850,-56.02252252252252,184.7004848495109,9.628978432374424e-07,2.11,4.565371036529541,4.563361167907715,4.567880630493164,-0.002009868621826172,0.002509593963623047,-0.0022597312927246094,0.0002498626708984375,0.0022597312927246094,True,,,,,,,
canterbury_plain_2020-02-22T06:00:00,canterbury_plain,local,low_near,t1,q850_trace,precip_only,q850,-56.02252252252252,184.7004848495109,9.628978432374424e-07,,4.565371036529541,4.562493801116943,4.565059661865234,-0.0028772354125976562,-0.0003113746643066406,-0.0012829303741455078,-0.0015943050384521484,0.0015943050384521484,False,1.0,850,0.0,0.03602676273803397,1.0,0.9499751468604074,0.05002485313959263
canterbury_plain_2020-02-22T06:00:00,canterbury_plain,synoptic,hotspot,t1,precip_trace,precip_only,q850,-46.02252252252252,172.2004848495109,0.00011775813618442044,2.11,4.565371036529541,4.588824272155762,4.565235137939453,0.023453235626220703,-0.00013589859008789062,0.011794567108154297,0.011658668518066406,0.011794567108154297,True,,,,,,,
canterbury_plain_2020-02-22T06:00:00,canterbury_plain,synoptic,hotspot,t1,q850_trace,precip_only,q850,-46.02252252252252,172.2004848495109,0.00011775813618442044,,4.565371036529541,5.767221450805664,2.026822805404663,1.201850414276123,-2.538548231124878,1.8701993227005005,-0.6683489084243774,1.8701993227005005,True,1.0,850,0.0,0.024850756629182284,0.999999910201222,0.9735137606300426,0.026486151949603486
canterbury_plain_2020-02-22T06:00:00,canterbury_plain,synoptic,low_near,t1,precip_trace,precip_only,q850,-61.02252252252252,172.2004848495109,8.954866643762216e-06,2.11,4.565371036529541,4.565504550933838,4.565183639526367,0.000133514404296875,-0.00018739700317382812,0.00016045570373535156,-2.6941299438476562e-05,0.00016045570373535156,True,,,,,,,
canterbury_plain_2020-02-22T06:00:00,canterbury_plain,synoptic,low_near,t1,q850_trace,precip_only,q850,-61.02252252252252,172.2004848495109,8.954866643762216e-06,,4.565371036529541,4.601867198944092,4.511790752410889,0.03649616241455078,-0.053580284118652344,0.04503822326660156,-0.008542060852050781,0.04503822326660156,True,1.0,850,0.0,0.07634327346005541,1.0,0.9170534840505181,0.08294651594948192
cascades_sierra_2020-11-13T18:00:00,cascades_sierra,local,hotspot,t1,precip_trace,precip_only,q850,41.97747747747748,239.69295654039695,7.42684060242027e-05,2.11,4.549033164978027,4.558157920837402,4.548933029174805,0.009124755859375,-0.00010013580322265625,0.004612445831298828,0.004512310028076172,0.004612445831298828,True,,,,,,,
cascades_sierra_2020-11-13T18:00:00,cascades_sierra,local,hotspot,t1,q850_trace,precip_only,q850,41.97747747747748,239.69295654039695,7.42684060242027e-05,,4.549033164978027,5.008613109588623,4.065053939819336,0.4595799446105957,-0.4839792251586914,0.47177958488464355,-0.012199640274047852,0.47177958488464355,True,1.0,850,0.0,0.01574264202600958,1.0,0.9932579096003352,0.006742090399664751
cascades_sierra_2020-11-13T18:00:00,cascades_sierra,local,low_near,t1,precip_trace,precip_only,q850,51.97747747747748,257.19295654039695,1.0740226343841641e-06,2.11,4.549033164978027,4.548079967498779,4.54746675491333,-0.0009531974792480469,-0.0015664100646972656,0.0003066062927246094,-0.0012598037719726562,0.0012598037719726562,False,,,,,,,
cascades_sierra_2020-11-13T18:00:00,cascades_sierra,local,low_near,t1,q850_trace,precip_only,q850,51.97747747747748,257.19295654039695,1.0740226343841641e-06,,4.549033164978027,4.549232482910156,4.548783302307129,0.00019931793212890625,-0.0002498626708984375,0.00022459030151367188,-2.5272369384765625e-05,0.00022459030151367188,True,1.0,850,0.0,0.15402070628279677,1.0,0.7489339770670717,0.2510660229329284
cascades_sierra_2020-11-13T18:00:00,cascades_sierra,synoptic,hotspot,t1,precip_trace,precip_only,q850,39.47747747747748,239.69295654039695,0.00013925741950515658,2.11,4.549033164978027,4.560142993927002,4.548259735107422,0.01110982894897461,-0.0007734298706054688,0.005941629409790039,0.00516819953918457,0.005941629409790039,True,,,,,,,
cascades_sierra_2020-11-13T18:00:00,cascades_sierra,synoptic,hotspot,t1,q850_trace,precip_only,q850,39.47747747747748,239.69295654039695,0.00013925741950515658,,4.549033164978027,5.163060188293457,3.8473050594329834,0.6140270233154297,-0.701728105545044,0.6578775644302368,-0.04385054111480713,0.6578775644302368,True,1.0,850,0.0,0.04031361896530436,1.0,0.949947064828067,0.050052935171933
cascades_sierra_2020-11-13T18:00:00,cascades_sierra,synoptic,low_near,t1,precip_trace,precip_only,q850,59.47747747747748,239.69295654039695,1.033178068610141e-05,2.11,4.549033164978027,4.545782089233398,4.548685073852539,-0.0032510757446289062,-0.00034809112548828125,-0.0014514923095703125,-0.0017995834350585938,0.0017995834350585938,False,,,,,,,
cascades_sierra_2020-11-13T18:00:00,cascades_sierra,synoptic,low_near,t1,q850_trace,precip_only,q850,59.47747747747748,239.69295654039695,1.033178068610141e-05,,4.549033164978027,4.556301593780518,4.5418500900268555,0.007268428802490234,-0.007183074951171875,0.007225751876831055,4.267692565917969e-05,0.007225751876831055,True,1.0,850,0.0,0.1635890872894956,1.0,0.7304910522845454,0.26950894771545464
caspian_lowland_2020-09-19T06:00:00,caspian_lowland,local,hotspot,t1,precip_trace,precip_only,q850,45.97747747747748,45.57755541383499,8.502865966875106e-05,2.11,4.041501998901367,4.0655131340026855,4.04288911819458,0.02401113510131836,0.0013871192932128906,0.011312007904052734,0.012699127197265625,0.012699127197265625,False,,,,,,,
caspian_lowland_2020-09-19T06:00:00,caspian_lowland,local,hotspot,t1,q850_trace,precip_only,q850,45.97747747747748,45.57755541383499,8.502865966875106e-05,,4.041501998901367,5.007637977600098,3.094254493713379,0.9661359786987305,-0.9472475051879883,0.9566917419433594,0.009444236755371094,0.9566917419433594,True,1.0,850,0.0,0.00512,1.0,0.9982715904629014,0.0017284095370986533
caspian_lowland_2020-09-19T06:00:00,caspian_lowland,local,low_near,t1,precip_trace,precip_only,q850,60.97747747747748,55.57755541383499,1.6073196320576244e-06,2.11,4.041501998901367,4.04622220993042,4.045566082000732,0.004720211029052734,0.004064083099365234,0.00032806396484375,0.004392147064208984,0.004392147064208984,False,,,,,,,
caspian_lowland_2020-09-19T06:00:00,caspian_lowland,local,low_near,t1,q850_trace,precip_only,q850,60.97747747747748,55.57755541383499,1.6073196320576244e-06,,4.041501998901367,4.021257400512695,4.0439910888671875,-0.020244598388671875,0.0024890899658203125,-0.011366844177246094,-0.008877754211425781,0.011366844177246094,True,1.0,850,0.0,0.0,1.0,1.0,0.0
caspian_lowland_2020-09-19T06:00:00,caspian_lowland,synoptic,hotspot,t1,precip_trace,precip_only,q850,48.47747747747748,45.57755541383499,0.00015244846872519702,2.11,4.041501998901367,4.066951274871826,4.0421600341796875,0.025449275970458984,0.0006580352783203125,0.012395620346069336,0.013053655624389648,0.013053655624389648,False,,,,,,,
caspian_lowland_2020-09-19T06:00:00,caspian_lowland,synoptic,hotspot,t1,q850_trace,precip_only,q850,48.47747747747748,45.57755541383499,0.00015244846872519702,,4.041501998901367,5.241462230682373,2.6639959812164307,1.1999602317810059,-1.3775060176849365,1.2887331247329712,-0.08877289295196533,1.2887331247329712,True,1.0,850,0.0,0.011058368028852529,0.9999999142698811,0.9954885382260312,0.004511376430610764
caspian_lowland_2020-09-19T06:00:00,caspian_lowland,synoptic,low_near,t1,precip_trace,precip_only,q850,38.47747747747748,70.577555413835,1.2659621461352799e-05,2.11,4.041501998901367,4.040484428405762,4.0413432121276855,-0.0010175704956054688,-0.00015878677368164062,-0.00042939186096191406,-0.0005881786346435547,0.0005881786346435547,False,,,,,,,
caspian_lowland_2020-09-19T06:00:00,caspian_lowland,synoptic,low_near,t1,q850_trace,precip_only,q850,38.47747747747748,70.577555413835,1.2659621461352799e-05,,4.041501998901367,4.036161422729492,4.046664714813232,-0.005340576171875,0.005162715911865234,-0.005251646041870117,-8.893013000488281e-05,0.005251646041870117,True,1.0,850,0.0,0.061543277508217246,0.9999998987590697,0.8955566165605054,0.10444329277250036
caucasus_2020-08-22T12:00:00,caucasus,local,hotspot,t1,precip_trace,precip_only,q850,42.22747747747748,43.57312758741756,8.379690552828833e-05,2.11,7.84367036819458,7.845377445220947,7.843379974365234,0.0017070770263671875,-0.0002903938293457031,0.0009987354278564453,0.0007083415985107422,0.0009987354278564453,True,,,,,,,
caucasus_2020-08-22T12:00:00,caucasus,local,hotspot,t1,q850_trace,precip_only,q850,42.22747747747748,43.57312758741756,8.379690552828833e-05,,7.84367036819458,9.040520668029785,6.555232048034668,1.196850299835205,-1.288438320159912,1.2426443099975586,-0.045794010162353516,1.2426443099975586,True,1.0,850,0.0,0.0,0.9999999310517531,0.9999999310517531,0.0
caucasus_2020-08-22T12:00:00,caucasus,local,low_near,t1,precip_trace,precip_only,q850,57.22747747747748,53.57312758741756,8.667876727486146e-07,2.11,7.84367036819458,7.843423843383789,7.843886375427246,-0.0002465248107910156,0.00021600723266601562,-0.00023126602172851562,-1.52587890625e-05,0.00023126602172851562,True,,,,,,,
caucasus_2020-08-22T12:00:00,caucasus,local,low_near,t1,q850_trace,precip_only,q850,57.22747747747748,53.57312758741756,8.667876727486146e-07,,7.84367036819458,7.836066246032715,7.846167087554932,-0.007604122161865234,0.0024967193603515625,-0.0050504207611083984,-0.002553701400756836,0.0050504207611083984,True,1.0,850,0.0,0.0,1.0,1.0,0.0
caucasus_2020-08-22T12:00:00,caucasus,synoptic,hotspot,t1,precip_trace,precip_only,q850,44.72747747747748,43.57312758741756,0.00013724413292948157,2.11,7.84367036819458,7.843080043792725,7.844200134277344,-0.0005903244018554688,0.0005297660827636719,-0.0005600452423095703,-3.0279159545898438e-05,0.0005600452423095703,True,,,,,,,
caucasus_2020-08-22T12:00:00,caucasus,synoptic,hotspot,t1,q850_trace,precip_only,q850,44.72747747747748,43.57312758741756,0.00013724413292948157,,7.84367036819458,9.180255889892578,6.451392650604248,1.336585521697998,-1.392277717590332,1.364431619644165,-0.027846097946166992,1.364431619644165,True,1.0,850,0.0,0.0004262090128999261,0.9999999081208744,0.9998775251254954,0.00012238300662338302
caucasus_2020-08-22T12:00:00,caucasus,synoptic,low_near,t1,precip_trace,precip_only,q850,59.72747747747748,48.57312758741756,8.51015738589922e-06,2.11,7.84367036819458,7.842881679534912,7.84354829788208,-0.0007886886596679688,-0.0001220703125,-0.0003333091735839844,-0.0004553794860839844,0.0004553794860839844,False,,,,,,,
caucasus_2020-08-22T12:00:00,caucasus,synoptic,low_near,t1,q850_trace,precip_only,q850,59.72747747747748,48.57312758741756,8.51015738589922e-06,,7.84367036819458,7.8629608154296875,7.812952518463135,0.019290447235107422,-0.030717849731445312,0.025004148483276367,-0.005713701248168945,0.025004148483276367,True,1.0,850,0.0,0.0015120662889861092,1.0,0.9994103898129129,0.0005896101870871458
ganges_plain_2020-07-19T12:00:00,ganges_plain,local,hotspot,t1,precip_trace,precip_only,q850,24.47747747747748,89.24892185705099,8.608861389802769e-05,2.11,15.741825103759766,15.764204978942871,15.742631912231445,0.02237987518310547,0.0008068084716796875,0.01078653335571289,0.011593341827392578,0.011593341827392578,False,,,,,,,
ganges_plain_2020-07-19T12:00:00,ganges_plain,local,hotspot,t1,q850_trace,precip_only,q850,24.47747747747748,89.24892185705099,8.608861389802769e-05,,15.741825103759766,17.485074996948242,13.954785346984863,1.7432498931884766,-1.7870397567749023,1.7651448249816895,-0.02189493179321289,1.7651448249816895,True,1.0,850,0.010495382031905962,0.0,0.9930271745366491,1.0000000847440536,0.006972909616491666
ganges_plain_2020-07-19T12:00:00,ganges_plain,local,low_near,t1,precip_trace,precip_only,q850,36.97747747747748,79.24892185705099,1.4308703839560621e-06,2.11,15.741825103759766,15.742557525634766,15.742722511291504,0.000732421875,0.0008974075317382812,-8.249282836914062e-05,0.0008149147033691406,0.0008149147033691406,False,,,,,,,
ganges_plain_2020-07-19T12:00:00,ganges_plain,local,low_near,t1,q850_trace,precip_only,q850,36.97747747747748,79.24892185705099,1.4308703839560621e-06,,15.741825103759766,15.735505104064941,15.742915153503418,-0.006319999694824219,0.0010900497436523438,-0.0037050247192382812,-0.0026149749755859375,0.0037050247192382812,True,1.0,850,0.0,0.0,1.0,0.9999999256149468,7.438505318642881e-08
ganges_plain_2020-07-19T12:00:00,ganges_plain,synoptic,hotspot,t1,precip_trace,precip_only,q850,21.97747747747748,89.24892185705099,0.00015920671285130084,2.11,15.741825103759766,15.765510559082031,15.73996639251709,0.023685455322265625,-0.0018587112426757812,0.012772083282470703,0.010913372039794922,0.012772083282470703,True,,,,,,,
ganges_plain_2020-07-19T12:00:00,ganges_plain,synoptic,hotspot,t1,q850_trace,precip_only,q850,21.97747747747748,89.24892185705099,0.00015920671285130084,,15.741825103759766,17.875019073486328,13.586742401123047,2.1331939697265625,-2.1550827026367188,2.1441383361816406,-0.010944366455078125,2.1441383361816406,True,1.0,850,0.003003782540977527,0.0,0.9983519268484577,0.9999999400373604,0.0016480132877217492
ganges_plain_2020-07-19T12:00:00,ganges_plain,synoptic,low_near,t1,precip_trace,precip_only,q850,41.97747747747748,89.24892185705099,1.2194820556032937e-05,2.11,15.741825103759766,15.740368843078613,15.743322372436523,-0.0014562606811523438,0.0014972686767578125,-0.0014767646789550781,2.0503997802734375e-05,0.0014767646789550781,True,,,,,,,
ganges_plain_2020-07-19T12:00:00,ganges_plain,synoptic,low_near,t1,q850_trace,precip_only,q850,41.97747747747748,89.24892185705099,1.2194820556032937e-05,,15.741825103759766,15.753546714782715,15.724267959594727,0.011721611022949219,-0.017557144165039062,0.01463937759399414,-0.002917766571044922,0.01463937759399414,True,1.0,850,5.947778504728484e-05,0.007286028668292393,0.9999906744416827,0.9965391603267291,0.003451546302549891
great_plains_2020-06-27T12:00:00,great_plains,local,hotspot,t1,precip_trace,precip_only,q850,38.97747747747748,262.0189286960998,0.00015982080367393792,2.11,12.272308349609375,12.307465553283691,12.271215438842773,0.035157203674316406,-0.0010929107666015625,0.018125057220458984,0.017032146453857422,0.018125057220458984,True,,,,,,,
great_plains_2020-06-27T12:00:00,great_plains,local,hotspot,t1,q850_trace,precip_only,q850,38.97747747747748,262.0189286960998,0.00015982080367393792,,12.272308349609375,13.574812889099121,11.021284103393555,1.302504539489746,-1.2510242462158203,1.2767643928527832,0.02574014663696289,1.2767643928527832,True,1.0,850,0.0,0.0,1.0006750635812753,1.0006750635812753,0.0
great_plains_2020-06-27T12:00:00,great_plains,local,low_near,t1,precip_trace,precip_only,q850,51.47747747747748,264.5189286960998,4.923642336507328e-06,2.11,12.272308349609375,12.272756576538086,12.271062850952148,0.0004482269287109375,-0.0012454986572265625,0.00084686279296875,-0.0003986358642578125,0.00084686279296875,True,,,,,,,
great_plains_2020-06-27T12:00:00,great_plains,local,low_near,t1,q850_trace,precip_only,q850,51.47747747747748,264.5189286960998,4.923642336507328e-06,,12.272308349609375,12.272943496704102,12.277350425720215,0.0006351470947265625,0.005042076110839844,-0.0022034645080566406,0.002838611602783203,0.002838611602783203,False,1.0,850,0.0,0.0,1.0005407229821186,1.0005407229821186,0.0
great_plains_2020-06-27T12:00:00,great_plains,synoptic,hotspot,t1,precip_trace,precip_only,q850,36.47747747747748,264.5189286960998,0.0003045427438337356,2.11,12.272308349609375,12.310132026672363,12.271286964416504,0.03782367706298828,-0.0010213851928710938,0.019422531127929688,0.018401145935058594,0.019422531127929688,True,,,,,,,
great_plains_2020-06-27T12:00:00,great_plains,synoptic,hotspot,t1,q850_trace,precip_only,q850,36.47747747747748,264.5189286960998,0.0003045427438337356,,12.272308349609375,13.591890335083008,11.031387329101562,1.3195819854736328,-1.2409210205078125,1.2802515029907227,0.039330482482910156,1.2802515029907227,True,1.0,850,0.0,0.0,1.000121249392843,1.000121249392843,0.0
great_plains_2020-06-27T12:00:00,great_plains,synoptic,low_near,t1,precip_trace,precip_only,q850,56.47747747747748,264.5189286960998,2.6525876819505356e-05,2.11,12.272308349609375,12.272361755371094,12.268991470336914,5.340576171875e-05,-0.0033168792724609375,0.0016851425170898438,-0.0016317367553710938,0.0016851425170898438,True,,,,,,,
great_plains_2020-06-27T12:00:00,great_plains,synoptic,low_near,t1,q850_trace,precip_only,q850,56.47747747747748,264.5189286960998,2.6525876819505356e-05,,12.272308349609375,12.274270057678223,12.263277053833008,0.0019617080688476562,-0.009031295776367188,0.005496501922607422,-0.0035347938537597656,0.005496501922607422,True,1.0,850,0.0,0.007884972170686457,1.000083204966758,0.9935242252867679,0.006558433985708361
himalayas_2020-09-23T06:00:00,himalayas,local,hotspot,t1,precip_trace,precip_only,q850,28.22747747747748,84.4321042943339,0.00011218470172025263,2.11,11.470555305480957,11.454048156738281,11.473589897155762,-0.01650714874267578,0.0030345916748046875,-0.009770870208740234,-0.006736278533935547,0.009770870208740234,True,,,,,,,
himalayas_2020-09-23T06:00:00,himalayas,local,hotspot,t1,q850_trace,precip_only,q850,28.22747747747748,84.4321042943339,0.00011218470172025263,,11.470555305480957,11.989737510681152,10.469621658325195,0.5191822052001953,-1.0009336471557617,0.7600579261779785,-0.2408757209777832,0.7600579261779785,True,1.0,850,0.0,0.0,0.999999917960646,1.0,8.203935394993237e-08
himalayas_2020-09-23T06:00:00,himalayas,local,low_near,t1,precip_trace,precip_only,q850,38.22747747747748,69.4321042943339,1.9300625808682526e-06,2.11,11.470555305480957,11.472490310668945,11.470580101013184,0.0019350051879882812,2.47955322265625e-05,0.0009551048278808594,0.0009799003601074219,0.0009799003601074219,False,,,,,,,
himalayas_2020-09-23T06:00:00,himalayas,local,low_near,t1,q850_trace,precip_only,q850,38.22747747747748,69.4321042943339,1.9300625808682526e-06,,11.470555305480957,11.469897270202637,11.472355842590332,-0.0006580352783203125,0.001800537109375,-0.0012292861938476562,0.0005712509155273438,0.0012292861938476562,True,1.0,850,0.0,0.028411147303655446,1.0,0.9807417955540367,0.01925820444596327
himalayas_2020-09-23T06:00:00,himalayas,synoptic,hotspot,t1,precip_trace,precip_only,q850,30.72747747747748,84.4321042943339,0.00017673235561233014,2.11,11.470555305480957,11.447488784790039,11.472380638122559,-0.02306652069091797,0.0018253326416015625,-0.012445926666259766,-0.010620594024658203,0.012445926666259766,True,,,,,,,
himalayas_2020-09-23T06:00:00,himalayas,synoptic,hotspot,t1,q850_trace,precip_only,q850,30.72747747747748,84.4321042943339,0.00017673235561233014,,11.470555305480957,12.066512107849121,10.463057518005371,0.5959568023681641,-1.007497787475586,0.801727294921875,-0.20577049255371094,0.801727294921875,True,1.0,850,0.0,0.018221824932957438,0.9999998888329471,0.9760280478921004,0.023971843605725993
himalayas_2020-09-23T06:00:00,himalayas,synoptic,low_near,t1,precip_trace,precip_only,q850,45.72747747747748,89.4321042943339,1.474230066378368e-05,2.11,11.470555305480957,11.472299575805664,11.472887992858887,0.0017442703247070312,0.0023326873779296875,-0.0002942085266113281,0.0020384788513183594,0.0020384788513183594,False,,,,,,,
himalayas_2020-09-23T06:00:00,himalayas,synoptic,low_near,t1,q850_trace,precip_only,q850,45.72747747747748,89.4321042943339,1.474230066378368e-05,,11.470555305480957,11.48424243927002,11.461420059204102,0.0136871337890625,-0.009135246276855469,0.011411190032958984,0.0022759437561035156,0.011411190032958984,True,1.0,850,0.0,0.01183762354123625,1.0,0.9928804097700451,0.007119590229954892
japan_2020-10-10T00:00:00,japan,local,hotspot,t1,precip_trace,precip_only,q850,35.47747747747748,138.58497947810284,0.00010302375449100509,2.11,9.92697811126709,9.933860778808594,9.931899070739746,0.006882667541503906,0.00492095947265625,0.0009808540344238281,0.005901813507080078,0.005901813507080078,False,,,,,,,
japan_2020-10-10T00:00:00,japan,local,hotspot,t1,q850_trace,precip_only,q850,35.47747747747748,138.58497947810284,0.00010302375449100509,,9.92697811126709,10.845170021057129,9.203019142150879,0.9181919097900391,-0.7239589691162109,0.821075439453125,0.09711647033691406,0.821075439453125,True,1.0,850,0.0,0.0031871016122984627,1.0,0.999316355763729,0.0006836442362709664
japan_2020-10-10T00:00:00,japan,local,low_near,t1,precip_trace,precip_only,q850,22.97747747747748,126.08497947810284,1.1451935506556765e-06,2.11,9.92697811126709,9.927286148071289,9.926514625549316,0.00030803680419921875,-0.0004634857177734375,0.0003857612609863281,-7.772445678710938e-05,0.0003857612609863281,True,,,,,,,
japan_2020-10-10T00:00:00,japan,local,low_near,t1,q850_trace,precip_only,q850,22.97747747747748,126.08497947810284,1.1451935506556765e-06,,9.92697811126709,9.925679206848145,9.925718307495117,-0.0012989044189453125,-0.0012598037719726562,-1.9550323486328125e-05,-0.0012793540954589844,0.0012793540954589844,False,1.0,850,0.0,0.0,1.0,0.999999914275099,8.57249009063008e-08
japan_2020-10-10T00:00:00,japan,synoptic,hotspot,t1,precip_trace,precip_only,q850,32.97747747747748,141.08497947810284,0.0001805153879104182,2.11,9.92697811126709,9.93891429901123,9.927291870117188,0.011936187744140625,0.00031375885009765625,0.005811214447021484,0.006124973297119141,0.006124973297119141,False,,,,,,,
japan_2020-10-10T00:00:00,japan,synoptic,hotspot,t1,q850_trace,precip_only,q850,32.97747747747748,141.08497947810284,0.0001805153879104182,,9.92697811126709,10.86307430267334,9.00290298461914,0.93609619140625,-0.9240751266479492,0.9300856590270996,0.006010532379150391,0.9300856590270996,True,1.0,850,0.0,0.01583626908236873,1.0,0.9895491090331485,0.010450890966851431
japan_2020-10-10T00:00:00,japan,synoptic,low_near,t1,precip_trace,precip_only,q850,52.97747747747748,141.08497947810284,1.2401071217027493e-05,2.11,9.92697811126709,9.930729866027832,9.929373741149902,0.0037517547607421875,0.0023956298828125,0.0006780624389648438,0.0030736923217773438,0.0030736923217773438,False,,,,,,,
japan_2020-10-10T00:00:00,japan,synoptic,low_near,t1,q850_trace,precip_only,q850,52.97747747747748,141.08497947810284,1.2401071217027493e-05,,9.92697811126709,9.946683883666992,9.90765380859375,0.019705772399902344,-0.019324302673339844,0.019515037536621094,0.00019073486328125,0.019515037536621094,True,1.0,850,0.0,0.11129036141677301,0.9999999221308428,0.8092508558793744,0.19074908110493852
netherlands_2020-12-27T12:00:00,netherlands,local,hotspot,t1,precip_trace,precip_only,q850,52.47747747747748,3.502710997644563,5.496609446709044e-05,2.11,3.481840133666992,3.4883971214294434,3.4825994968414307,0.006556987762451172,0.0007593631744384766,0.0028988122940063477,0.0036581754684448242,0.0036581754684448242,False,,,,,,,
netherlands_2020-12-27T12:00:00,netherlands,local,hotspot,t1,q850_trace,precip_only,q850,52.47747747747748,3.502710997644563,5.496609446709044e-05,,3.481840133666992,4.040131092071533,2.514861583709717,0.558290958404541,-0.9669785499572754,0.7626347541809082,-0.2043437957763672,0.7626347541809082,True,1.0,850,0.0,0.03409090909090909,1.0,0.9577547924148907,0.04224520758510926
netherlands_2020-12-27T12:00:00,netherlands,local,low_near,t1,precip_trace,precip_only,q850,64.97747747747748,346.00271099764456,7.220296538434923e-07,2.11,3.481840133666992,3.481614589691162,3.4832117557525635,-0.00022554397583007812,0.001371622085571289,-0.0007985830307006836,0.0005730390548706055,0.0007985830307006836,True,,,,,,,
netherlands_2020-12-27T12:00:00,netherlands,local,low_near,t1,q850_trace,precip_only,q850,64.97747747747748,346.00271099764456,7.220296538434923e-07,,3.481840133666992,3.477470636367798,3.4832987785339355,-0.004369497299194336,0.0014586448669433594,-0.0029140710830688477,-0.0014554262161254883,0.0029140710830688477,True,1.0,850,0.0,0.05765485001947799,1.0,0.9443478392378737,0.05565216076212633
netherlands_2020-12-27T12:00:00,netherlands,synoptic,hotspot,t1,precip_trace,precip_only,q850,49.97747747747748,3.502710997644563,9.8186828836333e-05,2.11,3.481840133666992,3.48659086227417,3.482802391052246,0.004750728607177734,0.0009622573852539062,0.001894235610961914,0.0028564929962158203,0.0028564929962158203,False,,,,,,,
netherlands_2020-12-27T12:00:00,netherlands,synoptic,hotspot,t1,q850_trace,precip_only,q850,49.97747747747748,3.502710997644563,9.8186828836333e-05,,3.481840133666992,4.088715553283691,2.4908604621887207,0.6068754196166992,-0.9909796714782715,0.7989275455474854,-0.19205212593078613,0.7989275455474854,True,1.0,850,0.0,0.07701211513234046,0.9999999168338999,0.9133717782492372,0.08662814578918772
netherlands_2020-12-27T12:00:00,netherlands,synoptic,low_near,t1,precip_trace,precip_only,q850,69.97747747747748,358.50271099764456,6.196584763529245e-06,2.11,3.481840133666992,3.481778621673584,3.482210874557495,-6.151199340820312e-05,0.0003707408905029297,-0.0002161264419555664,0.00015461444854736328,0.0002161264419555664,True,,,,,,,
netherlands_2020-12-27T12:00:00,netherlands,synoptic,low_near,t1,q850_trace,precip_only,q850,69.97747747747748,358.50271099764456,6.196584763529245e-06,,3.481840133666992,3.4672114849090576,3.4744319915771484,-0.01462864875793457,-0.00740814208984375,-0.00361025333404541,-0.01101839542388916,0.01101839542388916,False,1.0,850,0.0,0.17359300720748352,1.0,0.7340199781336065,0.2659800218663935
new_zealand_alps_2020-12-23T00:00:00,new_zealand_alps,local,hotspot,t1,precip_trace,precip_only,q850,-44.02252252252252,168.69000921133608,6.917526479810476e-05,2.11,7.405608654022217,7.406575679779053,7.405267715454102,0.0009670257568359375,-0.0003409385681152344,0.0006539821624755859,0.00031304359436035156,0.0006539821624755859,True,,,,,,,
new_zealand_alps_2020-12-23T00:00:00,new_zealand_alps,local,hotspot,t1,q850_trace,precip_only,q850,-44.02252252252252,168.69000921133608,6.917526479810476e-05,,7.405608654022217,8.256521224975586,6.613999843597412,0.8509125709533691,-0.7916088104248047,0.8212606906890869,0.029651880264282227,0.8212606906890869,True,1.0,850,0.0,0.0,0.9999999330458277,0.9999999330458277,0.0
new_zealand_alps_2020-12-23T00:00:00,new_zealand_alps,local,low_near,t1,precip_trace,precip_only,q850,-54.02252252252252,153.69000921133608,8.649820983919199e-07,2.11,7.405608654022217,7.405483245849609,7.406341075897217,-0.00012540817260742188,0.000732421875,-0.00042891502380371094,0.00030350685119628906,0.00042891502380371094,True,,,,,,,
new_zealand_alps_2020-12-23T00:00:00,new_zealand_alps,local,low_near,t1,q850_trace,precip_only,q850,-54.02252252252252,153.69000921133608,8.649820983919199e-07,,7.405608654022217,7.395820140838623,7.40708065032959,-0.00978851318359375,0.0014719963073730469,-0.0056302547454833984,-0.0041582584381103516,0.0056302547454833984,True,1.0,850,0.0,0.027864195860949546,0.9999998905988052,0.9763587300184188,0.02364116316675796
new_zealand_alps_2020-12-23T00:00:00,new_zealand_alps,synoptic,hotspot,t1,precip_trace,precip_only,q850,-41.52252252252252,168.69000921133608,0.00014061319234315306,2.11,7.405608654022217,7.400585174560547,7.406062602996826,-0.005023479461669922,0.000453948974609375,-0.0027387142181396484,-0.0022847652435302734,0.0027387142181396484,True,,,,,,,
new_zealand_alps_2020-12-23T00:00:00,new_zealand_alps,synoptic,hotspot,t1,q850_trace,precip_only,q850,-41.52252252252252,168.69000921133608,0.00014061319234315306,,7.405608654022217,8.619750022888184,6.198422908782959,1.2141413688659668,-1.2071857452392578,1.2106635570526123,0.003477811813354492,1.2106635570526123,True,1.0,850,0.0,0.0017371510722415239,1.0,0.9985087234161214,0.0014912765838786437
new_zealand_alps_2020-12-23T00:00:00,new_zealand_alps,synoptic,low_near,t1,precip_trace,precip_only,q850,-61.52252252252252,168.69000921133608,6.812769242969807e-06,2.11,7.405608654022217,7.402608394622803,7.4055047035217285,-0.0030002593994140625,-0.00010395050048828125,-0.0014481544494628906,-0.0015521049499511719,0.0015521049499511719,False,,,,,,,
new_zealand_alps_2020-12-23T00:00:00,new_zealand_alps,synoptic,low_near,t1,q850_trace,precip_only,q850,-61.52252252252252,168.69000921133608,6.812769242969807e-06,,7.405608654022217,7.409054279327393,7.389160633087158,0.0034456253051757812,-0.016448020935058594,0.009946823120117188,-0.006501197814941406,0.009946823120117188,True,1.0,850,0.0,0.05104881769641495,1.0,0.9463936327269763,0.0536063672730237
pacific_nw_coast_2020-10-10T12:00:00,pacific_nw_coast,local,hotspot,t1,precip_trace,precip_only,q850,45.47747747747748,234.36670733333705,7.029702828731388e-05,2.11,4.6356282234191895,4.646698951721191,4.639468669891357,0.011070728302001953,0.0038404464721679688,0.003615140914916992,0.007455587387084961,0.007455587387084961,False,,,,,,,
pacific_nw_coast_2020-10-10T12:00:00,pacific_nw_coast,local,hotspot,t1,q850_trace,precip_only,q850,45.47747747747748,234.36670733333705,7.029702828731388e-05,,4.6356282234191895,5.6639299392700195,3.6658568382263184,1.02830171585083,-0.9697713851928711,0.9990365505218506,0.029265165328979492,0.9990365505218506,True,1.0,850,0.0,0.0,0.9999998694208252,0.9999999347104126,6.528959165734821e-08
pacific_nw_coast_2020-10-10T12:00:00,pacific_nw_coast,local,low_near,t1,precip_trace,precip_only,q850,60.47747747747748,231.86670733333705,7.133359645195014e-07,2.11,4.6356282234191895,4.637844085693359,4.637426853179932,0.002215862274169922,0.0017986297607421875,0.0002086162567138672,0.0020072460174560547,0.0020072460174560547,False,,,,,,,
pacific_nw_coast_2020-10-10T12:00:00,pacific_nw_coast,local,low_near,t1,q850_trace,precip_only,q850,60.47747747747748,231.86670733333705,7.133359645195014e-07,,4.6356282234191895,4.628391742706299,4.6389899253845215,-0.007236480712890625,0.0033617019653320312,-0.005299091339111328,-0.0019373893737792969,0.005299091339111328,True,1.0,850,0.0,0.044391462306993645,1.000000091765404,0.9633342151988653,0.036665873201880014
pacific_nw_coast_2020-10-10T12:00:00,pacific_nw_coast,synoptic,hotspot,t1,precip_trace,precip_only,q850,42.97747747747748,234.36670733333705,0.00011783451191149652,2.11,4.6356282234191895,4.651762962341309,4.637756824493408,0.01613473892211914,0.00212860107421875,0.007003068923950195,0.009131669998168945,0.009131669998168945,False,,,,,,,
pacific_nw_coast_2020-10-10T12:00:00,pacific_nw_coast,synoptic,hotspot,t1,q850_trace,precip_only,q850,42.97747747747748,234.36670733333705,0.00011783451191149652,,4.6356282234191895,5.846011638641357,3.497894763946533,1.210383415222168,-1.1377334594726562,1.174058437347412,0.03632497787475586,1.174058437347412,True,1.0,850,0.0,0.010269764175785593,0.9999999053844391,0.9924082366251916,0.007591669477537554
pacific_nw_coast_2020-10-10T12:00:00,pacific_nw_coast,synoptic,low_near,t1,precip_trace,precip_only,q850,62.97747747747748,229.36670733333705,6.609056072193198e-06,2.11,4.6356282234191895,4.638665199279785,4.635420799255371,0.003036975860595703,-0.00020742416381835938,0.0016222000122070312,0.0014147758483886719,0.0016222000122070312,True,,,,,,,
pacific_nw_coast_2020-10-10T12:00:00,pacific_nw_coast,synoptic,low_near,t1,q850_trace,precip_only,q850,62.97747747747748,229.36670733333705,6.609056072193198e-06,,4.6356282234191895,4.64355993270874,4.614291191101074,0.007931709289550781,-0.021337032318115234,0.014634370803833008,-0.0067026615142822266,0.014634370803833008,True,1.0,850,0.0,0.07667005887911608,1.0,0.9170733134680128,0.0829266865319872
pampas_2020-01-15T12:00:00,pampas,local,hotspot,t1,precip_trace,precip_only,q850,-37.02252252252252,299.67102679969264,0.00022615896887145936,2.11,10.027322769165039,10.035962104797363,10.02678108215332,0.008639335632324219,-0.00054168701171875,0.004590511322021484,0.004048824310302734,0.004590511322021484,True,,,,,,,
pampas_2020-01-15T12:00:00,pampas,local,hotspot,t1,q850_trace,precip_only,q850,-37.02252252252252,299.67102679969264,0.00022615896887145936,,10.027322769165039,11.328195571899414,8.742189407348633,1.300872802734375,-1.2851333618164062,1.2930030822753906,0.007869720458984375,1.2930030822753906,True,1.0,850,0.0,0.059786607799852835,0.9999999256590032,0.9333698000702968,0.06663013054205667
pampas_2020-01-15T12:00:00,pampas,local,low_near,t1,precip_trace,precip_only,q850,-44.52252252252252,314.67102679969264,4.959940270055085e-06,2.11,10.027322769165039,10.028712272644043,10.032322883605957,0.0013895034790039062,0.005000114440917969,-0.0018053054809570312,0.0031948089599609375,0.0031948089599609375,False,,,,,,,
pampas_2020-01-15T12:00:00,pampas,local,low_near,t1,q850_trace,precip_only,q850,-44.52252252252252,314.67102679969264,4.959940270055085e-06,,10.027322769165039,10.045814514160156,10.02763557434082,0.018491744995117188,0.00031280517578125,0.009089469909667969,0.009402275085449219,0.009402275085449219,False,1.0,850,0.0,0.0,1.0,1.0,0.0
pampas_2020-01-15T12:00:00,pampas,synoptic,hotspot,t1,precip_trace,precip_only,q850,-37.02252252252252,299.67102679969264,0.00044189963955432177,2.11,10.027322769165039,10.056177139282227,10.030287742614746,0.0288543701171875,0.0029649734497070312,0.012944698333740234,0.015909671783447266,0.015909671783447266,False,,,,,,,
pampas_2020-01-15T12:00:00,pampas,synoptic,hotspot,t1,q850_trace,precip_only,q850,-37.02252252252252,299.67102679969264,0.00044189963955432177,,10.027322769165039,11.571656227111816,8.383570671081543,1.5443334579467773,-1.643752098083496,1.5940427780151367,-0.049709320068359375,1.5940427780151367,True,1.0,850,0.0,0.04090821996551063,1.0,0.9339860197623153,0.06601398023768469
pampas_2020-01-15T12:00:00,pampas,synoptic,low_near,t1,precip_trace,precip_only,q850,-52.02252252252252,304.67102679969264,3.6554443795466796e-05,2.11,10.027322769165039,10.026309967041016,10.02755069732666,-0.0010128021240234375,0.00022792816162109375,-0.0006203651428222656,-0.0003924369812011719,0.0006203651428222656,True,,,,,,,
pampas_2020-01-15T12:00:00,pampas,synoptic,low_near,t1,q850_trace,precip_only,q850,-52.02252252252252,304.67102679969264,3.6554443795466796e-05,,10.027322769165039,10.067492485046387,9.963532447814941,0.040169715881347656,-0.06379032135009766,0.051980018615722656,-0.011810302734375,0.051980018615722656,True,1.0,850,0.0,0.013561741613133477,1.0,0.9955566976049219,0.004443302395078061
pyrenees_2020-03-02T06:00:00,pyrenees,local,hotspot,t1,precip_trace,precip_only,q850,42.72747747747748,0.8288408933144389,7.217795064207166e-05,2.11,3.613551616668701,3.6243627071380615,3.612893581390381,0.010811090469360352,-0.0006580352783203125,0.005734562873840332,0.0050765275955200195,0.005734562873840332,True,,,,,,,
pyrenees_2020-03-02T06:00:00,pyrenees,local,hotspot,t1,q850_trace,precip_only,q850,42.72747747747748,0.8288408933144389,7.217795064207166e-05,,3.613551616668701,3.9374892711639404,3.3803868293762207,0.32393765449523926,-0.23316478729248047,0.27855122089385986,0.045386433601379395,0.27855122089385986,True,1.0,850,0.0,0.0,1.0000000683996446,1.0000000683996446,0.0
pyrenees_2020-03-02T06:00:00,pyrenees,local,low_near,t1,precip_trace,precip_only,q850,57.72747747747748,8.328840893314439,1.4653957123300643e-06,2.11,3.613551616668701,3.6165003776550293,3.6162376403808594,0.002948760986328125,0.002686023712158203,0.00013136863708496094,0.002817392349243164,0.002817392349243164,False,,,,,,,
pyrenees_2020-03-02T06:00:00,pyrenees,local,low_near,t1,q850_trace,precip_only,q850,57.72747747747748,8.328840893314439,1.4653957123300643e-06,,3.613551616668701,3.6045408248901367,3.616645336151123,-0.009010791778564453,0.003093719482421875,-0.006052255630493164,-0.002958536148071289,0.006052255630493164,True,1.0,850,0.0,0.06699446834665028,1.0,0.9108515850987995,0.08914841490120048
pyrenees_2020-03-02T06:00:00,pyrenees,synoptic,hotspot,t1,precip_trace,precip_only,q850,45.22747747747748,0.8288408933144389,0.0001437571772839874,2.11,3.613551616668701,3.6359593868255615,3.613255023956299,0.02240777015686035,-0.00029659271240234375,0.011352181434631348,0.011055588722229004,0.011352181434631348,True,,,,,,,
pyrenees_2020-03-02T06:00:00,pyrenees,synoptic,hotspot,t1,q850_trace,precip_only,q850,45.22747747747748,0.8288408933144389,0.0001437571772839874,,3.613551616668701,4.280264377593994,3.0226404666900635,0.666712760925293,-0.5909111499786377,0.6288119554519653,0.03790080547332764,0.6288119554519653,True,1.0,850,0.0,0.012760203937917242,1.0,0.9948278459462083,0.005172154053791641
pyrenees_2020-03-02T06:00:00,pyrenees,synoptic,low_near,t1,precip_trace,precip_only,q850,60.22747747747748,0.8288408933144389,1.2209363376314286e-05,2.11,3.613551616668701,3.6151299476623535,3.6119680404663086,0.0015783309936523438,-0.0015835762023925781,0.001580953598022461,-2.6226043701171875e-06,0.001580953598022461,True,,,,,,,
pyrenees_2020-03-02T06:00:00,pyrenees,synoptic,low_near,t1,q850_trace,precip_only,q850,60.22747747747748,0.8288408933144389,1.2209363376314286e-05,,3.613551616668701,3.6108670234680176,3.601689577102661,-0.0026845932006835938,-0.011862039566040039,0.004588723182678223,-0.007273316383361816,0.007273316383361816,False,1.0,850,0.0,0.10947585850761683,0.9999999357835835,0.8648873753222219,0.1351125691378066
rockies_2020-07-27T00:00:00,rockies,local,hotspot,t1,precip_trace,precip_only,q850,39.47747747747748,256.3115539507046,0.00011621142766671255,2.11,11.70083236694336,11.736809730529785,11.703296661376953,0.03597736358642578,0.00246429443359375,0.016756534576416016,0.019220829010009766,0.019220829010009766,False,,,,,,,
rockies_2020-07-27T00:00:00,rockies,local,hotspot,t1,q850_trace,precip_only,q850,39.47747747747748,256.3115539507046,0.00011621142766671255,,11.70083236694336,12.921514511108398,10.33225154876709,1.220682144165039,-1.3685808181762695,1.2946314811706543,-0.07394933700561523,1.2946314811706543,True,1.0,850,0.0,0.0,1.0,1.0,0.0
rockies_2020-07-27T00:00:00,rockies,local,low_near,t1,precip_trace,precip_only,q850,51.97747747747748,246.3115539507046,1.5402207509396248e-06,2.11,11.70083236694336,11.70485782623291,11.703332901000977,0.004025459289550781,0.0025005340576171875,0.0007624626159667969,0.0032629966735839844,0.0032629966735839844,False,,,,,,,
rockies_2020-07-27T00:00:00,rockies,local,low_near,t1,q850_trace,precip_only,q850,51.97747747747748,246.3115539507046,1.5402207509396248e-06,,11.70083236694336,11.70181655883789,11.703300476074219,0.00098419189453125,0.002468109130859375,-0.0007419586181640625,0.0017261505126953125,0.0017261505126953125,False,1.0,850,0.0,0.0,0.9999998852906345,0.9999998852906345,0.0
rockies_2020-07-27T00:00:00,rockies,synoptic,hotspot,t1,precip_trace,precip_only,q850,41.97747747747748,256.3115539507046,0.00018256761541124433,2.11,11.70083236694336,11.742781639099121,11.704842567443848,0.04194927215576172,0.004010200500488281,0.01896953582763672,0.022979736328125,0.022979736328125,False,,,,,,,
rockies_2020-07-27T00:00:00,rockies,synoptic,hotspot,t1,q850_trace,precip_only,q850,41.97747747747748,256.3115539507046,0.00018256761541124433,,11.70083236694336,12.940604209899902,10.318571090698242,1.239771842956543,-1.3822612762451172,1.31101655960083,-0.07124471664428711,1.31101655960083,True,1.0,850,0.0,0.0035080417397508694,1.0,0.9972586704138106,0.002741329586189406
rockies_2020-07-27T00:00:00,rockies,synoptic,low_near,t1,precip_trace,precip_only,q850,56.97747747747748,256.3115539507046,1.340857761533698e-05,2.11,11.70083236694336,11.701818466186523,11.702130317687988,0.0009860992431640625,0.0012979507446289062,-0.00015592575073242188,0.0011420249938964844,0.0011420249938964844,False,,,,,,,
rockies_2020-07-27T00:00:00,rockies,synoptic,low_near,t1,q850_trace,precip_only,q850,56.97747747747748,256.3115539507046,1.340857761533698e-05,,11.70083236694336,11.72111988067627,11.674829483032227,0.020287513732910156,-0.026002883911132812,0.023145198822021484,-0.002857685089111328,0.023145198822021484,True,1.0,850,0.0,0.0,0.9999999295229791,0.9999999295229791,0.0
sahara_plain_2020-09-01T06:00:00,sahara_plain,local,hotspot,t1,precip_trace,precip_only,q850,29.47747747747748,351.12262293728037,9.714221232570708e-05,2.11,11.912124633789062,11.96142864227295,11.911764144897461,0.04930400848388672,-0.0003604888916015625,0.02483224868774414,0.024471759796142578,0.02483224868774414,True,,,,,,,
sahara_plain_2020-09-01T06:00:00,sahara_plain,local,hotspot,t1,q850_trace,precip_only,q850,29.47747747747748,351.12262293728037,9.714221232570708e-05,,11.912124633789062,13.378445625305176,10.217576026916504,1.4663209915161133,-1.6945486068725586,1.580434799194336,-0.11411380767822266,1.580434799194336,True,1.0,850,0.0,0.00060156406657309,0.9999999189408947,0.9999940826853131,5.836256054710361e-06
sahara_plain_2020-09-01T06:00:00,sahara_plain,local,low_near,t1,precip_trace,precip_only,q850,39.47747747747748,338.62262293728037,2.8684119115496287e-06,2.11,11.912124633789062,11.91511344909668,11.913409233093262,0.0029888153076171875,0.0012845993041992188,0.0008521080017089844,0.002136707305908203,0.002136707305908203,False,,,,,,,
sahara_plain_2020-09-01T06:00:00,sahara_plain,local,low_near,t1,q850_trace,precip_only,q850,39.47747747747748,338.62262293728037,2.8684119115496287e-06,,11.912124633789062,11.9110107421875,11.9150972366333,-0.0011138916015625,0.0029726028442382812,-0.0020432472229003906,0.0009293556213378906,0.0020432472229003906,True,1.0,850,0.0,0.07453416149068323,1.0,0.8502438735502849,0.14975612644971514
sahara_plain_2020-09-01T06:00:00,sahara_plain,synoptic,hotspot,t1,precip_trace,precip_only,q850,31.97747747747748,351.12262293728037,0.00018687859119381756,2.11,11.912124633789062,11.970222473144531,11.912508964538574,0.05809783935546875,0.00038433074951171875,0.028856754302978516,0.029241085052490234,0.029241085052490234,False,,,,,,,
sahara_plain_2020-09-01T06:00:00,sahara_plain,synoptic,hotspot,t1,q850_trace,precip_only,q850,31.97747747747748,351.12262293728037,0.00018687859119381756,,11.912124633789062,13.474516868591309,10.070348739624023,1.562392234802246,-1.841775894165039,1.7020840644836426,-0.13969182968139648,1.7020840644836426,True,1.0,850,0.0,0.032484486792580786,1.0,0.9184410132512141,0.08155898674878596
sahara_plain_2020-09-01T06:00:00,sahara_plain,synoptic,low_near,t1,precip_trace,precip_only,q850,46.97747747747748,351.12262293728037,2.2283971702563576e-05,2.11,11.912124633789062,11.91386604309082,11.912760734558105,0.0017414093017578125,0.0006361007690429688,0.0005526542663574219,0.0011887550354003906,0.0011887550354003906,False,,,,,,,
sahara_plain_2020-09-01T06:00:00,sahara_plain,synoptic,low_near,t1,q850_trace,precip_only,q850,46.97747747747748,351.12262293728037,2.2283971702563576e-05,,11.912124633789062,11.913986206054688,11.888336181640625,0.001861572265625,-0.0237884521484375,0.01282501220703125,-0.01096343994140625,0.01282501220703125,True,1.0,850,0.0,0.03154677436961031,1.0,0.9564037378586037,0.04359626214139634
ticino_2020-10-03T00:00:00,ticino,local,hotspot,t1,precip_trace,precip_only,q850,46.22747747747748,8.680083446444733,0.00010671580821508542,2.11,6.873339653015137,6.8607378005981445,6.872915744781494,-0.012601852416992188,-0.0004239082336425781,-0.006088972091674805,-0.006512880325317383,0.006512880325317383,False,,,,,,,
ticino_2020-10-03T00:00:00,ticino,local,hotspot,t1,q850_trace,precip_only,q850,46.22747747747748,8.680083446444733,0.00010671580821508542,,6.873339653015137,7.392099857330322,6.299487590789795,0.5187602043151855,-0.5738520622253418,0.5463061332702637,-0.027545928955078125,0.5463061332702637,True,1.0,850,0.0,0.0,1.0,1.0,0.0
ticino_2020-10-03T00:00:00,ticino,local,low_near,t1,precip_trace,precip_only,q850,61.22747747747748,358.6800834464447,1.1939338264710386e-06,2.11,6.873339653015137,6.87257194519043,6.8705153465271,-0.0007677078247070312,-0.0028243064880371094,0.001028299331665039,-0.0017960071563720703,0.0017960071563720703,False,,,,,,,
ticino_2020-10-03T00:00:00,ticino,local,low_near,t1,q850_trace,precip_only,q850,61.22747747747748,358.6800834464447,1.1939338264710386e-06,,6.873339653015137,6.870289325714111,6.871529579162598,-0.0030503273010253906,-0.0018100738525390625,-0.0006201267242431641,-0.0024302005767822266,0.0024302005767822266,False,1.0,850,0.0,0.011416537353136776,1.0,0.9870302379488319,0.012969762051168052
ticino_2020-10-03T00:00:00,ticino,synoptic,hotspot,t1,precip_trace,precip_only,q850,43.72747747747748,6.180083446444733,0.00019000675820279866,2.11,6.873339653015137,6.86830997467041,6.868587017059326,-0.0050296783447265625,-0.004752635955810547,-0.0001385211944580078,-0.004891157150268555,0.004891157150268555,False,,,,,,,
ticino_2020-10-03T00:00:00,ticino,synoptic,hotspot,t1,q850_trace,precip_only,q850,43.72747747747748,6.180083446444733,0.00019000675820279866,,6.873339653015137,7.607706546783447,6.073174476623535,0.7343668937683105,-0.8001651763916016,0.767266035079956,-0.03289914131164551,0.767266035079956,True,1.0,850,0.0,0.002225819506272764,0.9999999065466326,0.9989036050944795,0.0010963015546062561
ticino_2020-10-03T00:00:00,ticino,synoptic,low_near,t1,precip_trace,precip_only,q850,63.72747747747748,11.180083446444733,1.0927389666903764e-05,2.11,6.873339653015137,6.86970329284668,6.871697902679443,-0.0036363601684570312,-0.0016417503356933594,-0.000997304916381836,-0.0026390552520751953,0.0026390552520751953,False,,,,,,,
ticino_2020-10-03T00:00:00,ticino,synoptic,low_near,t1,q850_trace,precip_only,q850,63.72747747747748,11.180083446444733,1.0927389666903764e-05,,6.873339653015137,6.88041877746582,6.856489658355713,0.007079124450683594,-0.016849994659423828,0.011964559555053711,-0.004885435104370117,0.011964559555053711,True,1.0,850,0.0,0.0020181634712411706,1.0,0.9992978451068975,0.0007021548931025561
valais_2020-10-03T00:00:00,valais,local,hotspot,t1,precip_trace,precip_only,q850,46.47747747747748,7.280638034804468,0.00010067348921438679,2.11,5.678887367248535,5.677806854248047,5.674722194671631,-0.0010805130004882812,-0.004165172576904297,0.0015423297882080078,-0.002622842788696289,0.002622842788696289,False,,,,,,,
valais_2020-10-03T00:00:00,valais,local,hotspot,t1,q850_trace,precip_only,q850,46.47747747747748,7.280638034804468,0.00010067348921438679,,5.678887367248535,6.378683567047119,4.897593975067139,0.699796199798584,-0.7812933921813965,0.7405447959899902,-0.04074859619140625,0.7405447959899902,True,1.0,850,0.0,0.0,0.9999998717579447,0.9999998717579447,0.0
valais_2020-10-03T00:00:00,valais,local,low_near,t1,precip_trace,precip_only,q850,53.97747747747748,344.7806380348045,1.0222548780802754e-06,2.11,5.678887367248535,5.677235126495361,5.680747032165527,-0.0016522407531738281,0.0018596649169921875,-0.0017559528350830078,0.00010371208190917969,0.0017559528350830078,True,,,,,,,
valais_2020-10-03T00:00:00,valais,local,low_near,t1,q850_trace,precip_only,q850,53.97747747747748,344.7806380348045,1.0222548780802754e-06,,5.678887367248535,5.673388957977295,5.673996448516846,-0.005498409271240234,-0.004890918731689453,-0.0003037452697753906,-0.005194664001464844,0.005194664001464844,False,1.0,850,0.0,0.02735274204468517,1.0,0.9714245692674044,0.0285754307325956
valais_2020-10-03T00:00:00,valais,synoptic,hotspot,t1,precip_trace,precip_only,q850,43.97747747747748,9.780638034804468,0.0001590295578353107,2.11,5.678887367248535,5.678440570831299,5.676469802856445,-0.0004467964172363281,-0.0024175643920898438,0.0009853839874267578,-0.001432180404663086,0.001432180404663086,False,,,,,,,
valais_2020-10-03T00:00:00,valais,synoptic,hotspot,t1,q850_trace,precip_only,q850,43.97747747747748,9.780638034804468,0.0001590295578353107,,5.678887367248535,6.483225345611572,4.8567214012146,0.8043379783630371,-0.8221659660339355,0.8132519721984863,-0.008913993835449219,0.8132519721984863,True,1.0,850,0.0,0.0002590822730151419,0.9999999069374674,0.999923781785857,7.612515869489836e-05
valais_2020-10-03T00:00:00,valais,synoptic,low_near,t1,precip_trace,precip_only,q850,63.97747747747748,359.7806380348045,8.647660251881462e-06,2.11,5.678887367248535,5.676672458648682,5.677773475646973,-0.0022149085998535156,-0.0011138916015625,-0.0005505084991455078,-0.0016644001007080078,0.0016644001007080078,False,,,,,,,
valais_2020-10-03T00:00:00,valais,synoptic,low_near,t1,q850_trace,precip_only,q850,63.97747747747748,359.7806380348045,8.647660251881462e-06,,5.678887367248535,5.6830644607543945,5.666569232940674,0.004177093505859375,-0.012318134307861328,0.008247613906860352,-0.0040705204010009766,0.008247613906860352,True,1.0,850,0.0,0.008177303595556882,1.0,0.9927437196056875,0.007256280394312445
