case_id,target,scale,region_kind,perturb_timestep,mode,model,target_var,mask_center_lat,mask_center_lon,pooled_saliency,magnitude,perturb_level_hpa,plus_clip_frac,minus_clip_frac,plus_realized_frac,minus_realized_frac,pair_asymmetry,actual_target_score,plus_target_score,minus_target_score,plus_target_delta,minus_target_delta,signed_target_response,common_target_response,mean_abs_target_delta,output_opposite_sign
alps_east_2020-06-29T06:00:00,alps_east,local,hotspot,t1,q850_trace,precip_zwd,q850,47.72747747747748,11.252625838336058,9.22260369407013e-05,1.0,850,0.0,0.0,1.0,1.0,0.0,7.392641544342041,8.499271392822266,6.611313343048096,1.1066298484802246,-0.7813282012939453,0.943979024887085,0.16265082359313965,0.943979024887085,True
alps_east_2020-06-29T06:00:00,alps_east,local,low_near,t1,q850_trace,precip_zwd,q850,57.72747747747748,351.25262583833603,2.0959887478966266e-06,1.0,850,0.0,0.0,1.0,1.0,0.0,7.392641544342041,7.398155689239502,7.395145893096924,0.0055141448974609375,0.0025043487548828125,0.0015048980712890625,0.004009246826171875,0.004009246826171875,False
alps_east_2020-06-29T06:00:00,alps_east,synoptic,hotspot,t1,q850_trace,precip_zwd,q850,50.22747747747748,8.752625838336058,0.0001581767137395218,1.0,850,0.0,0.004119016552818072,1.0,0.9971609242037252,0.0028390757962748836,7.392641544342041,8.570172309875488,6.569707870483398,1.1775307655334473,-0.8229336738586426,1.000232219696045,0.17729854583740234,1.000232219696045,True
alps_east_2020-06-29T06:00:00,alps_east,synoptic,low_near,t1,q850_trace,precip_zwd,q850,30.22747747747748,18.75262583833606,1.5600626284140162e-05,1.0,850,0.0,0.006735983971812498,1.0,0.9941714463220398,0.0058285536779601735,7.392641544342041,7.395227432250977,7.391101360321045,0.002585887908935547,-0.0015401840209960938,0.0020630359649658203,0.0005228519439697266,0.0020630359649658203,True
andes_2020-03-25T12:00:00,andes,local,hotspot,t1,q850_trace,precip_zwd,q850,-32.52252252252252,290.54529172445586,0.00013807686627842486,1.0,850,0.0,0.00641025641025641,1.0,0.9943908805094404,0.005609119490559675,5.677609920501709,7.204433917999268,4.2096076011657715,1.5268239974975586,-1.4680023193359375,1.497413158416748,0.029410839080810547,1.497413158416748,True
andes_2020-03-25T12:00:00,andes,local,low_near,t1,q850_trace,precip_zwd,q850,-42.52252252252252,275.54529172445586,2.205087639595149e-06,1.0,850,0.0,0.0,1.0,1.0,0.0,5.677609920501709,5.678555011749268,5.676424503326416,0.0009450912475585938,-0.0011854171752929688,0.0010652542114257812,-0.0001201629638671875,0.0010652542114257812,True
andes_2020-03-25T12:00:00,andes,synoptic,hotspot,t1,q850_trace,precip_zwd,q850,-35.02252252252252,288.04529172445586,0.0002186853380408138,1.0,850,0.0,0.008353808353808353,1.0,0.9939236383230915,0.006076361676908491,5.677609920501709,7.380545616149902,4.023077487945557,1.7029356956481934,-1.6545324325561523,1.6787340641021729,0.024201631546020508,1.6787340641021729,True
andes_2020-03-25T12:00:00,andes,synoptic,low_near,t1,q850_trace,precip_zwd,q850,-45.02252252252252,273.04529172445586,1.6329822756233625e-05,1.0,850,0.0,0.017014781945111784,1.0,0.9856767165060454,0.014323283493954649,5.677609920501709,5.711377143859863,5.645518779754639,0.0337672233581543,-0.03209114074707031,0.032929182052612305,0.0008380413055419922,0.032929182052612305,True
aquitaine_basin_2020-10-02T06:00:00,aquitaine_basin,local,hotspot,t1,q850_trace,precip_zwd,q850,44.97747747747748,359.3983431897952,7.633692439412698e-05,1.0,850,0.0,0.0,1.0,1.0,0.0,4.769473075866699,5.735377311706543,4.055521488189697,0.9659042358398438,-0.713951587677002,0.8399279117584229,0.1259763240814209,0.8399279117584229,True
aquitaine_basin_2020-10-02T06:00:00,aquitaine_basin,local,low_near,t1,q850_trace,precip_zwd,q850,54.97747747747748,344.3983431897952,1.489134206167364e-06,1.0,850,0.0,0.05391832958900489,1.0,0.9490475464748457,0.05095245352515427,4.769473075866699,4.7574262619018555,4.7697529792785645,-0.01204681396484375,0.0002799034118652344,-0.006163358688354492,-0.005883455276489258,0.006163358688354492,True
aquitaine_basin_2020-10-02T06:00:00,aquitaine_basin,synoptic,hotspot,t1,q850_trace,precip_zwd,q850,42.47747747747748,359.3983431897952,0.0001375502033624798,1.0,850,0.0,5.900575306092344e-05,1.0,0.9999970431795929,2.956820407020636e-06,4.769473075866699,5.869563102722168,3.968526601791382,1.1000900268554688,-0.8009464740753174,0.9505182504653931,0.14957177639007568,0.9505182504653931,True
aquitaine_basin_2020-10-02T06:00:00,aquitaine_basin,synoptic,low_near,t1,q850_trace,precip_zwd,q850,57.47747747747748,19.39834318979516,1.4005709090270102e-05,1.0,850,0.0,0.002021331498365732,1.0,0.9995059333881956,0.0004940666118043679,4.769473075866699,4.787896633148193,4.749706745147705,0.01842355728149414,-0.01976633071899414,0.01909494400024414,-0.00067138671875,0.01909494400024414,True
atlas_2020-03-19T18:00:00,atlas,local,hotspot,t1,q850_trace,precip_zwd,q850,32.47747747747748,354.79529172445586,8.581561996834353e-05,1.0,850,0.0,0.006802721088435374,1.0000000785500416,0.994631026103907,0.005369052024395441,6.197420597076416,6.857410907745361,4.732945442199707,0.6599903106689453,-1.464475154876709,1.0622327327728271,-0.40224242210388184,1.0622327327728271,True
atlas_2020-03-19T18:00:00,atlas,local,low_near,t1,q850_trace,precip_zwd,q850,42.47747747747748,7.295291724455865,1.2054101716785226e-06,1.0,850,0.0,0.045686141304347824,1.0,0.9528711349024138,0.04712886509758618,6.197420597076416,6.197473526000977,6.195072174072266,5.2928924560546875e-05,-0.0023484230041503906,0.0012006759643554688,-0.0011477470397949219,0.0012006759643554688,True
atlas_2020-03-19T18:00:00,atlas,synoptic,hotspot,t1,q850_trace,precip_zwd,q850,34.97747747747748,352.29529172445586,0.00014367081166710705,1.0,850,0.0,0.005441195751933919,0.9999998940356032,0.996696665893833,0.003303228491794805,6.197420597076416,6.939445972442627,4.562513828277588,0.7420253753662109,-1.6349067687988281,1.1884660720825195,-0.4464406967163086,1.1884660720825195,True
atlas_2020-03-19T18:00:00,atlas,synoptic,low_near,t1,q850_trace,precip_zwd,q850,49.97747747747748,357.29529172445586,9.972637599275913e-06,1.0,850,0.0,0.049004475999382624,0.999999916833803,0.9354369169425844,0.06456300526067824,6.197420597076416,6.213929176330566,6.171398162841797,0.01650857925415039,-0.02602243423461914,0.021265506744384766,-0.004756927490234375,0.021265506744384766,True
california_2020-12-13T18:00:00,california,local,hotspot,t1,q850_trace,precip_zwd,q850,38.22747747747748,234.32046739745803,5.3696090617449954e-05,1.0,850,0.0,0.0,1.0,1.0,0.0,4.889678955078125,5.561232089996338,3.7376396656036377,0.6715531349182129,-1.1520392894744873,0.9117962121963501,-0.2402430772781372,0.9117962121963501,True
california_2020-12-13T18:00:00,california,local,low_near,t1,q850_trace,precip_zwd,q850,50.72747747747748,249.32046739745803,1.0240736401101458e-06,1.0,850,0.0,0.24030329542140566,1.0,0.4924827299386906,0.5075172700613094,4.889678955078125,4.8919196128845215,4.889253616333008,0.0022406578063964844,-0.0004253387451171875,0.001332998275756836,0.0009076595306396484,0.001332998275756836,True
california_2020-12-13T18:00:00,california,synoptic,hotspot,t1,q850_trace,precip_zwd,q850,35.72747747747748,234.32046739745803,0.0001035681925714016,1.0,850,0.0,0.059377333376619164,1.0,0.9463825186660574,0.05361748133394267,4.889678955078125,5.696845531463623,3.6367132663726807,0.807166576385498,-1.2529656887054443,1.0300661325454712,-0.22289955615997314,1.0300661325454712,True
california_2020-12-13T18:00:00,california,synoptic,low_near,t1,q850_trace,precip_zwd,q850,50.72747747747748,254.32046739745803,8.604457434557844e-06,1.0,850,0.0,0.22380313425656345,1.0,0.5443047756764156,0.45569522432358445,4.889678955078125,4.916027069091797,4.867682933807373,0.026348114013671875,-0.021996021270751953,0.024172067642211914,0.002176046371459961,0.024172067642211914,True
canterbury_plain_2020-02-22T06:00:00,canterbury_plain,local,hotspot,t1,q850_trace,precip_zwd,q850,-43.52252252252252,172.2004848495109,6.510733510367572e-05,1.0,850,0.0,0.004004004004004004,1.0,0.9969186910641771,0.0030813089358229205,4.518150806427002,5.495436668395996,2.5531606674194336,0.9772858619689941,-1.9649901390075684,1.4711380004882812,-0.4938521385192871,1.4711380004882812,True
canterbury_plain_2020-02-22T06:00:00,canterbury_plain,local,low_near,t1,q850_trace,precip_zwd,q850,-56.02252252252252,184.7004848495109,9.628978432374424e-07,1.0,850,0.0,0.03602676273803397,1.0,0.9499751468604074,0.05002485313959263,4.518150806427002,4.51700496673584,4.521032810211182,-0.0011458396911621094,0.0028820037841796875,-0.0020139217376708984,0.0008680820465087891,0.0020139217376708984,True
canterbury_plain_2020-02-22T06:00:00,canterbury_plain,synoptic,hotspot,t1,q850_trace,precip_zwd,q850,-46.02252252252252,172.2004848495109,0.00011775813618442044,1.0,850,0.0,0.024850756629182284,0.999999910201222,0.9735137606300426,0.026486151949603486,4.518150806427002,5.715419769287109,2.2316360473632812,1.1972689628601074,-2.2865147590637207,1.741891860961914,-0.5446228981018066,1.741891860961914,True
canterbury_plain_2020-02-22T06:00:00,canterbury_plain,synoptic,low_near,t1,q850_trace,precip_zwd,q850,-61.02252252252252,172.2004848495109,8.954866643762216e-06,1.0,850,0.0,0.07634327346005541,1.0,0.9170534840505181,0.08294651594948192,4.518150806427002,4.554008960723877,4.470648765563965,0.035858154296875,-0.04750204086303711,0.041680097579956055,-0.005821943283081055,0.041680097579956055,True
cascades_sierra_2020-11-13T18:00:00,cascades_sierra,local,hotspot,t1,q850_trace,precip_zwd,q850,41.97747747747748,239.69295654039695,7.42684060242027e-05,1.0,850,0.0,0.01574264202600958,1.0,0.9932579096003352,0.006742090399664751,4.500528812408447,4.950627326965332,4.019407749176025,0.45009851455688477,-0.4811210632324219,0.4656097888946533,-0.015511274337768555,0.4656097888946533,True
cascades_sierra_2020-11-13T18:00:00,cascades_sierra,local,low_near,t1,q850_trace,precip_zwd,q850,51.97747747747748,257.19295654039695,1.0740226343841641e-06,1.0,850,0.0,0.15402070628279677,1.0,0.7489339770670717,0.2510660229329284,4.500528812408447,4.5007123947143555,4.502097129821777,0.00018358230590820312,0.0015683174133300781,-0.0006923675537109375,0.0008759498596191406,0.0008759498596191406,False
cascades_sierra_2020-11-13T18:00:00,cascades_sierra,synoptic,hotspot,t1,q850_trace,precip_zwd,q850,39.47747747747748,239.69295654039695,0.00013925741950515658,1.0,850,0.0,0.04031361896530436,1.0,0.949947064828067,0.050052935171933,4.500528812408447,5.091269016265869,3.8034963607788086,0.5907402038574219,-0.6970324516296387,0.6438863277435303,-0.0531461238861084,0.6438863277435303,True
cascades_sierra_2020-11-13T18:00:00,cascades_sierra,synoptic,low_near,t1,q850_trace,precip_zwd,q850,59.47747747747748,239.69295654039695,1.033178068610141e-05,1.0,850,0.0,0.1635890872894956,1.0,0.7304910522845454,0.26950894771545464,4.500528812408447,4.514510154724121,4.492342472076416,0.013981342315673828,-0.00818634033203125,0.011083841323852539,0.002897500991821289,0.011083841323852539,True
caspian_lowland_2020-09-19T06:00:00,caspian_lowland,local,hotspot,t1,q850_trace,precip_zwd,q850,45.97747747747748,45.57755541383499,8.502865966875106e-05,1.0,850,0.0,0.00512,1.0,0.9982715904629014,0.0017284095370986533,3.9634947776794434,4.867809295654297,3.0441009998321533,0.9043145179748535,-0.91939377784729,0.9118541479110718,-0.007539629936218262,0.9118541479110718,True
caspian_lowland_2020-09-19T06:00:00,caspian_lowland,local,low_near,t1,q850_trace,precip_zwd,q850,60.97747747747748,55.57755541383499,1.6073196320576244e-06,1.0,850,0.0,0.0,1.0,1.0,0.0,3.9634947776794434,3.9484970569610596,3.9636902809143066,-0.014997720718383789,0.00019550323486328125,-0.007596611976623535,-0.007401108741760254,0.007596611976623535,True
caspian_lowland_2020-09-19T06:00:00,caspian_lowland,synoptic,hotspot,t1,q850_trace,precip_zwd,q850,48.47747747747748,45.57755541383499,0.00015244846872519702,1.0,850,0.0,0.011058368028852529,0.9999999142698811,0.9954885382260312,0.004511376430610764,3.9634947776794434,5.090719699859619,2.647278070449829,1.1272249221801758,-1.3162167072296143,1.221720814704895,-0.09449589252471924,1.221720814704895,True
caspian_lowland_2020-09-19T06:00:00,caspian_lowland,synoptic,low_near,t1,q850_trace,precip_zwd,q850,38.47747747747748,70.577555413835,1.2659621461352799e-05,1.0,850,0.0,0.061543277508217246,0.9999998987590697,0.8955566165605054,0.10444329277250036,3.9634947776794434,3.96006178855896,3.9617066383361816,-0.0034329891204833984,-0.0017881393432617188,-0.0008224248886108398,-0.0026105642318725586,0.0026105642318725586,False
caucasus_2020-08-22T12:00:00,caucasus,local,hotspot,t1,q850_trace,precip_zwd,q850,42.22747747747748,43.57312758741756,8.379690552828833e-05,1.0,850,0.0,0.0,0.9999999310517531,0.9999999310517531,0.0,7.902630805969238,9.100576400756836,6.658397674560547,1.1979455947875977,-1.2442331314086914,1.2210893630981445,-0.023143768310546875,1.2210893630981445,True
caucasus_2020-08-22T12:00:00,caucasus,local,low_near,t1,q850_trace,precip_zwd,q850,57.22747747747748,53.57312758741756,8.667876727486146e-07,1.0,850,0.0,0.0,1.0,1.0,0.0,7.902630805969238,7.895705223083496,7.901942253112793,-0.0069255828857421875,-0.0006885528564453125,-0.0031185150146484375,-0.00380706787109375,0.00380706787109375,False
caucasus_2020-08-22T12:00:00,caucasus,synoptic,hotspot,t1,q850_trace,precip_zwd,q850,44.72747747747748,43.57312758741756,0.00013724413292948157,1.0,850,0.0,0.0004262090128999261,0.9999999081208744,0.9998775251254954,0.00012238300662338302,7.902630805969238,9.254231452941895,6.537674903869629,1.3516006469726562,-1.3649559020996094,1.3582782745361328,-0.0066776275634765625,1.3582782745361328,True
caucasus_2020-08-22T12:00:00,caucasus,synoptic,low_near,t1,q850_trace,precip_zwd,q850,59.72747747747748,48.57312758741756,8.51015738589922e-06,1.0,850,0.0,0.0015120662889861092,1.0,0.9994103898129129,0.0005896101870871458,7.902630805969238,7.9263763427734375,7.868712902069092,0.02374553680419922,-0.033917903900146484,0.02883172035217285,-0.005086183547973633,0.02883172035217285,True
ganges_plain_2020-07-19T12:00:00,ganges_plain,local,hotspot,t1,q850_trace,precip_zwd,q850,24.47747747747748,89.24892185705099,8.608861389802769e-05,1.0,850,0.010495382031905962,0.0,0.9930271745366491,1.0000000847440536,0.006972909616491666,15.634991645812988,17.43934440612793,13.87150764465332,1.8043527603149414,-1.763484001159668,1.7839183807373047,0.02043437957763672,1.7839183807373047,True
ganges_plain_2020-07-19T12:00:00,ganges_plain,local,low_near,t1,q850_trace,precip_zwd,q850,36.97747747747748,79.24892185705099,1.4308703839560621e-06,1.0,850,0.0,0.0,1.0,0.9999999256149468,7.438505318642881e-08,15.634991645812988,15.622967720031738,15.63922119140625,-0.01202392578125,0.004229545593261719,-0.00812673568725586,-0.0038971900939941406,0.00812673568725586,True
ganges_plain_2020-07-19T12:00:00,ganges_plain,synoptic,hotspot,t1,q850_trace,precip_zwd,q850,21.97747747747748,89.24892185705099,0.00015920671285130084,1.0,850,0.003003782540977527,0.0,0.9983519268484577,0.9999999400373604,0.0016480132877217492,15.634991645812988,17.823347091674805,13.510102272033691,2.1883554458618164,-2.124889373779297,2.1566224098205566,0.031733036041259766,2.1566224098205566,True
ganges_plain_2020-07-19T12:00:00,ganges_plain,synoptic,low_near,t1,q850_trace,precip_zwd,q850,41.97747747747748,89.24892185705099,1.2194820556032937e-05,1.0,850,5.947778504728484e-05,0.007286028668292393,0.9999906744416827,0.9965391603267291,0.003451546302549891,15.634991645812988,15.643678665161133,15.614300727844238,0.008687019348144531,-0.02069091796875,0.014688968658447266,-0.006001949310302734,0.014688968658447266,True
great_plains_2020-06-27T12:00:00,great_plains,local,hotspot,t1,q850_trace,precip_zwd,q850,38.97747747747748,262.0189286960998,0.00015982080367393792,1.0,850,0.0,0.0,1.0006750635812753,1.0006750635812753,0.0,12.18130111694336,13.530381202697754,10.889481544494629,1.3490800857543945,-1.2918195724487305,1.3204498291015625,0.02863025665283203,1.3204498291015625,True
great_plains_2020-06-27T12:00:00,great_plains,local,low_near,t1,q850_trace,precip_zwd,q850,51.47747747747748,264.5189286960998,4.923642336507328e-06,1.0,850,0.0,0.0,1.0005407229821186,1.0005407229821186,0.0,12.18130111694336,12.180253028869629,12.18315315246582,-0.0010480880737304688,0.0018520355224609375,-0.0014500617980957031,0.0004019737243652344,0.0014500617980957031,True
great_plains_2020-06-27T12:00:00,great_plains,synoptic,hotspot,t1,q850_trace,precip_zwd,q850,36.47747747747748,264.5189286960998,0.0003045427438337356,1.0,850,0.0,0.0,1.000121249392843,1.000121249392843,0.0,12.18130111694336,13.563420295715332,10.897255897521973,1.3821191787719727,-1.2840452194213867,1.3330821990966797,0.04903697967529297,1.3330821990966797,True
great_plains_2020-06-27T12:00:00,great_plains,synoptic,low_near,t1,q850_trace,precip_zwd,q850,56.47747747747748,264.5189286960998,2.6525876819505356e-05,1.0,850,0.0,0.007884972170686457,1.000083204966758,0.9935242252867679,0.006558433985708361,12.18130111694336,12.18636417388916,12.16567325592041,0.005063056945800781,-0.01562786102294922,0.010345458984375,-0.005282402038574219,0.010345458984375,True
himalayas_2020-09-23T06:00:00,himalayas,local,hotspot,t1,q850_trace,precip_zwd,q850,28.22747747747748,84.4321042943339,0.00011218470172025263,1.0,850,0.0,0.0,0.999999917960646,1.0,8.203935394993237e-08,11.551041603088379,12.158931732177734,10.590734481811523,0.6078901290893555,-0.9603071212768555,0.7840986251831055,-0.17620849609375,0.7840986251831055,True
himalayas_2020-09-23T06:00:00,himalayas,local,low_near,t1,q850_trace,precip_zwd,q850,38.22747747747748,69.4321042943339,1.9300625808682526e-06,1.0,850,0.0,0.028411147303655446,1.0,0.9807417955540367,0.01925820444596327,11.551041603088379,11.553936004638672,11.551169395446777,0.0028944015502929688,0.0001277923583984375,0.0013833045959472656,0.0015110969543457031,0.0015110969543457031,False
himalayas_2020-09-23T06:00:00,himalayas,synoptic,hotspot,t1,q850_trace,precip_zwd,q850,30.72747747747748,84.4321042943339,0.00017673235561233014,1.0,850,0.0,0.018221824932957438,0.9999998888329471,0.9760280478921004,0.023971843605725993,11.551041603088379,12.23170280456543,10.562817573547363,0.6806612014770508,-0.9882240295410156,0.8344426155090332,-0.15378141403198242,0.8344426155090332,True
himalayas_2020-09-23T06:00:00,himalayas,synoptic,low_near,t1,q850_trace,precip_zwd,q850,45.72747747747748,89.4321042943339,1.474230066378368e-05,1.0,850,0.0,0.01183762354123625,1.0,0.9928804097700451,0.007119590229954892,11.551041603088379,11.565269470214844,11.539735794067383,0.014227867126464844,-0.011305809020996094,0.012766838073730469,0.001461029052734375,0.012766838073730469,True
japan_2020-10-10T00:00:00,japan,local,hotspot,t1,q850_trace,precip_zwd,q850,35.47747747747748,138.58497947810284,0.00010302375449100509,1.0,850,0.0,0.0031871016122984627,1.0,0.999316355763729,0.0006836442362709664,10.046470642089844,10.928167343139648,9.421032905578613,0.8816967010498047,-0.6254377365112305,0.7535672187805176,0.1281294822692871,0.7535672187805176,True
japan_2020-10-10T00:00:00,japan,local,low_near,t1,q850_trace,precip_zwd,q850,22.97747747747748,126.08497947810284,1.1451935506556765e-06,1.0,850,0.0,0.0,1.0,0.999999914275099,8.57249009063008e-08,10.046470642089844,10.043907165527344,10.047049522399902,-0.0025634765625,0.0005788803100585938,-0.0015711784362792969,-0.0009922981262207031,0.0015711784362792969,True
japan_2020-10-10T00:00:00,japan,synoptic,hotspot,t1,q850_trace,precip_zwd,q850,32.97747747747748,141.08497947810284,0.0001805153879104182,1.0,850,0.0,0.01583626908236873,1.0,0.9895491090331485,0.010450890966851431,10.046470642089844,10.928792953491211,9.217387199401855,0.8823223114013672,-0.8290834426879883,0.8557028770446777,0.026619434356689453,0.8557028770446777,True
japan_2020-10-10T00:00:00,japan,synoptic,low_near,t1,q850_trace,precip_zwd,q850,52.97747747747748,141.08497947810284,1.2401071217027493e-05,1.0,850,0.0,0.11129036141677301,0.9999999221308428,0.8092508558793744,0.19074908110493852,10.046470642089844,10.06765365600586,10.031725883483887,0.021183013916015625,-0.014744758605957031,0.017963886260986328,0.003219127655029297,0.017963886260986328,True
netherlands_2020-12-27T12:00:00,netherlands,local,hotspot,t1,q850_trace,precip_zwd,q850,52.47747747747748,3.502710997644563,5.496609446709044e-05,1.0,850,0.0,0.03409090909090909,1.0,0.9577547924148907,0.04224520758510926,3.5321898460388184,4.046721458435059,2.6532623767852783,0.5145316123962402,-0.87892746925354,0.6967295408248901,-0.1821979284286499,0.6967295408248901,True
netherlands_2020-12-27T12:00:00,netherlands,local,low_near,t1,q850_trace,precip_zwd,q850,64.97747747747748,346.00271099764456,7.220296538434923e-07,1.0,850,0.0,0.05765485001947799,1.0,0.9443478392378737,0.05565216076212633,3.5321898460388184,3.5254976749420166,3.530745506286621,-0.006692171096801758,-0.0014443397521972656,-0.002623915672302246,-0.004068255424499512,0.004068255424499512,False
netherlands_2020-12-27T12:00:00,netherlands,synoptic,hotspot,t1,q850_trace,precip_zwd,q850,49.97747747747748,3.502710997644563,9.8186828836333e-05,1.0,850,0.0,0.07701211513234046,0.9999999168338999,0.9133717782492372,0.08662814578918772,3.5321898460388184,4.0922722816467285,2.609097719192505,0.5600824356079102,-0.9230921268463135,0.7415872812271118,-0.18150484561920166,0.7415872812271118,True
netherlands_2020-12-27T12:00:00,netherlands,synoptic,low_near,t1,q850_trace,precip_zwd,q850,69.97747747747748,358.50271099764456,6.196584763529245e-06,1.0,850,0.0,0.17359300720748352,1.0,0.7340199781336065,0.2659800218663935,3.5321898460388184,3.523329257965088,3.521878719329834,-0.008860588073730469,-0.010311126708984375,0.0007252693176269531,-0.009585857391357422,0.009585857391357422,False
new_zealand_alps_2020-12-23T00:00:00,new_zealand_alps,local,hotspot,t1,q850_trace,precip_zwd,q850,-44.02252252252252,168.69000921133608,6.917526479810476e-05,1.0,850,0.0,0.0,0.9999999330458277,0.9999999330458277,0.0,7.511797904968262,8.346501350402832,6.7856597900390625,0.8347034454345703,-0.7261381149291992,0.7804207801818848,0.05428266525268555,0.7804207801818848,True
new_zealand_alps_2020-12-23T00:00:00,new_zealand_alps,local,low_near,t1,q850_trace,precip_zwd,q850,-54.02252252252252,153.69000921133608,8.649820983919199e-07,1.0,850,0.0,0.027864195860949546,0.9999998905988052,0.9763587300184188,0.02364116316675796,7.511797904968262,7.508783340454102,7.513406276702881,-0.0030145645141601562,0.0016083717346191406,-0.0023114681243896484,-0.0007030963897705078,0.0023114681243896484,True
new_zealand_alps_2020-12-23T00:00:00,new_zealand_alps,synoptic,hotspot,t1,q850_trace,precip_zwd,q850,-41.52252252252252,168.69000921133608,0.00014061319234315306,1.0,850,0.0,0.0017371510722415239,1.0,0.9985087234161214,0.0014912765838786437,7.511797904968262,8.673608779907227,6.391809940338135,1.1618108749389648,-1.119987964630127,1.140899419784546,0.020911455154418945,1.140899419784546,True
new_zealand_alps_2020-12-23T00:00:00,new_zealand_alps,synoptic,low_near,t1,q850_trace,precip_zwd,q850,-61.52252252252252,168.69000921133608,6.812769242969807e-06,1.0,850,0.0,0.05104881769641495,1.0,0.9463936327269763,0.0536063672730237,7.511797904968262,7.523102283477783,7.503749370574951,0.011304378509521484,-0.008048534393310547,0.009676456451416016,0.0016279220581054688,0.009676456451416016,True
pacific_nw_coast_2020-10-10T12:00:00,pacific_nw_coast,local,hotspot,t1,q850_trace,precip_zwd,q850,45.47747747747748,234.36670733333705,7.029702828731388e-05,1.0,850,0.0,0.0,0.9999998694208252,0.9999999347104126,6.528959165734821e-08,4.58175802230835,5.563539981842041,3.7148854732513428,0.9817819595336914,-0.8668725490570068,0.9243272542953491,0.057454705238342285,0.9243272542953491,True
pacific_nw_coast_2020-10-10T12:00:00,pacific_nw_coast,local,low_near,t1,q850_trace,precip_zwd,q850,60.47747747747748,231.86670733333705,7.133359645195014e-07,1.0,850,0.0,0.044391462306993645,1.000000091765404,0.9633342151988653,0.036665873201880014,4.58175802230835,4.576275825500488,4.5839338302612305,-0.005482196807861328,0.0021758079528808594,-0.0038290023803710938,-0.0016531944274902344,0.0038290023803710938,True
pacific_nw_coast_2020-10-10T12:00:00,pacific_nw_coast,synoptic,hotspot,t1,q850_trace,precip_zwd,q850,42.97747747747748,234.36670733333705,0.00011783451191149652,1.0,850,0.0,0.010269764175785593,0.9999999053844391,0.9924082366251916,0.007591669477537554,4.58175802230835,5.7297563552856445,3.537440538406372,1.147998332977295,-1.0443174839019775,1.0961579084396362,0.05184042453765869,1.0961579084396362,True
pacific_nw_coast_2020-10-10T12:00:00,pacific_nw_coast,synoptic,low_near,t1,q850_trace,precip_zwd,q850,62.97747747747748,229.36670733333705,6.609056072193198e-06,1.0,850,0.0,0.07667005887911608,1.0,0.9170733134680128,0.0829266865319872,4.58175802230835,4.5988311767578125,4.557603359222412,0.01707315444946289,-0.0241546630859375,0.020613908767700195,-0.0035407543182373047,0.020613908767700195,True
pampas_2020-01-15T12:00:00,pampas,local,hotspot,t1,q850_trace,precip_zwd,q850,-37.02252252252252,299.67102679969264,0.00022615896887145936,1.0,850,0.0,0.059786607799852835,0.9999999256590032,0.9333698000702968,0.06663013054205667,10.190777778625488,11.380398750305176,9.00497817993164,1.1896209716796875,-1.1857995986938477,1.1877102851867676,0.0019106864929199219,1.1877102851867676,True
pampas_2020-01-15T12:00:00,pampas,local,low_near,t1,q850_trace,precip_zwd,q850,-44.52252252252252,314.67102679969264,4.959940270055085e-06,1.0,850,0.0,0.0,1.0,1.0,0.0,10.190777778625488,10.208372116088867,10.189788818359375,0.017594337463378906,-0.0009889602661132812,0.009291648864746094,0.008302688598632812,0.009291648864746094,True
pampas_2020-01-15T12:00:00,pampas,synoptic,hotspot,t1,q850_trace,precip_zwd,q850,-37.02252252252252,299.67102679969264,0.00044189963955432177,1.0,850,0.0,0.04090821996551063,1.0,0.9339860197623153,0.06601398023768469,10.190777778625488,11.594496726989746,8.680631637573242,1.4037189483642578,-1.510146141052246,1.456932544708252,-0.05321359634399414,1.456932544708252,True
pampas_2020-01-15T12:00:00,pampas,synoptic,low_near,t1,q850_trace,precip_zwd,q850,-52.02252252252252,304.67102679969264,3.6554443795466796e-05,1.0,850,0.0,0.013561741613133477,1.0,0.9955566976049219,0.004443302395078061,10.190777778625488,10.244327545166016,10.132329940795898,0.053549766540527344,-0.058447837829589844,0.055998802185058594,-0.00244903564453125,0.055998802185058594,True
pyrenees_2020-03-02T06:00:00,pyrenees,local,hotspot,t1,q850_trace,precip_zwd,q850,42.72747747747748,0.8288408933144389,7.217795064207166e-05,1.0,850,0.0,0.0,1.0000000683996446,1.0000000683996446,0.0,3.556993007659912,3.870851516723633,3.372405529022217,0.3138585090637207,-0.1845874786376953,0.249222993850708,0.0646355152130127,0.249222993850708,True
pyrenees_2020-03-02T06:00:00,pyrenees,local,low_near,t1,q850_trace,precip_zwd,q850,57.72747747747748,8.328840893314439,1.4653957123300643e-06,1.0,850,0.0,0.06699446834665028,1.0,0.9108515850987995,0.08914841490120048,3.556993007659912,3.547062397003174,3.5585381984710693,-0.009930610656738281,0.0015451908111572266,-0.005737900733947754,-0.004192709922790527,0.005737900733947754,True
pyrenees_2020-03-02T06:00:00,pyrenees,synoptic,hotspot,t1,q850_trace,precip_zwd,q850,45.22747747747748,0.8288408933144389,0.0001437571772839874,1.0,850,0.0,0.012760203937917242,1.0,0.9948278459462083,0.005172154053791641,3.556993007659912,4.189274787902832,3.0489320755004883,0.6322817802429199,-0.5080609321594238,0.5701713562011719,0.06211042404174805,0.5701713562011719,True
pyrenees_2020-03-02T06:00:00,pyrenees,synoptic,low_near,t1,q850_trace,precip_zwd,q850,60.22747747747748,0.8288408933144389,1.2209363376314286e-05,1.0,850,0.0,0.10947585850761683,0.9999999357835835,0.8648873753222219,0.1351125691378066,3.556993007659912,3.5553596019744873,3.5417747497558594,-0.0016334056854248047,-0.015218257904052734,0.006792426109313965,-0.00842583179473877,0.00842583179473877,False
rockies_2020-07-27T00:00:00,rockies,local,hotspot,t1,q850_trace,precip_zwd,q850,39.47747747747748,256.3115539507046,0.00011621142766671255,1.0,850,0.0,0.0,1.0,1.0,0.0,11.64035415649414,12.899468421936035,10.284295082092285,1.2591142654418945,-1.3560590744018555,1.307586669921875,-0.04847240447998047,1.307586669921875,True
rockies_2020-07-27T00:00:00,rockies,local,low_near,t1,q850_trace,precip_zwd,q850,51.97747747747748,246.3115539507046,1.5402207509396248e-06,1.0,850,0.0,0.0,0.9999998852906345,0.9999998852906345,0.0,11.64035415649414,11.641833305358887,11.639175415039062,0.0014791488647460938,-0.001178741455078125,0.0013289451599121094,0.00015020370483398438,0.0013289451599121094,True
rockies_2020-07-27T00:00:00,rockies,synoptic,hotspot,t1,q850_trace,precip_zwd,q850,41.97747747747748,256.3115539507046,0.00018256761541124433,1.0,850,0.0,0.0035080417397508694,1.0,0.9972586704138106,0.002741329586189406,11.64035415649414,12.938981056213379,10.24244213104248,1.2986268997192383,-1.3979120254516602,1.3482694625854492,-0.04964256286621094,1.3482694625854492,True
rockies_2020-07-27T00:00:00,rockies,synoptic,low_near,t1,q850_trace,precip_zwd,q850,56.97747747747748,256.3115539507046,1.340857761533698e-05,1.0,850,0.0,0.0,0.9999999295229791,0.9999999295229791,0.0,11.64035415649414,11.66831111907959,11.609132766723633,0.02795696258544922,-0.031221389770507812,0.029589176177978516,-0.0016322135925292969,0.029589176177978516,True
sahara_plain_2020-09-01T06:00:00,sahara_plain,local,hotspot,t1,q850_trace,precip_zwd,q850,29.47747747747748,351.12262293728037,9.714221232570708e-05,1.0,850,0.0,0.00060156406657309,0.9999999189408947,0.9999940826853131,5.836256054710361e-06,11.773598670959473,13.250237464904785,10.102059364318848,1.4766387939453125,-1.671539306640625,1.5740890502929688,-0.09745025634765625,1.5740890502929688,True
sahara_plain_2020-09-01T06:00:00,sahara_plain,local,low_near,t1,q850_trace,precip_zwd,q850,39.47747747747748,338.62262293728037,2.8684119115496287e-06,1.0,850,0.0,0.07453416149068323,1.0,0.8502438735502849,0.14975612644971514,11.773598670959473,11.773772239685059,11.773407936096191,0.0001735687255859375,-0.00019073486328125,0.00018215179443359375,-8.58306884765625e-06,0.00018215179443359375,True
sahara_plain_2020-09-01T06:00:00,sahara_plain,synoptic,hotspot,t1,q850_trace,precip_zwd,q850,31.97747747747748,351.12262293728037,0.00018687859119381756,1.0,850,0.0,0.032484486792580786,1.0,0.9184410132512141,0.08155898674878596,11.773598670959473,13.371481895446777,9.94334602355957,1.5978832244873047,-1.8302526473999023,1.7140679359436035,-0.11618471145629883,1.7140679359436035,True
sahara_plain_2020-09-01T06:00:00,sahara_plain,synoptic,low_near,t1,q850_trace,precip_zwd,q850,46.97747747747748,351.12262293728037,2.2283971702563576e-05,1.0,850,0.0,0.03154677436961031,1.0,0.9564037378586037,0.04359626214139634,11.773598670959473,11.789190292358398,11.75011157989502,0.015591621398925781,-0.023487091064453125,0.019539356231689453,-0.003947734832763672,0.019539356231689453,True
ticino_2020-10-03T00:00:00,ticino,local,hotspot,t1,q850_trace,precip_zwd,q850,46.22747747747748,8.680083446444733,0.00010671580821508542,1.0,850,0.0,0.0,1.0,1.0,0.0,6.988592147827148,7.498768329620361,6.471480369567871,0.5101761817932129,-0.5171117782592773,0.5136439800262451,-0.0034677982330322266,0.5136439800262451,True
ticino_2020-10-03T00:00:00,ticino,local,low_near,t1,q850_trace,precip_zwd,q850,61.22747747747748,358.6800834464447,1.1939338264710386e-06,1.0,850,0.0,0.011416537353136776,1.0,0.9870302379488319,0.012969762051168052,6.988592147827148,6.988079071044922,6.990057468414307,-0.0005130767822265625,0.0014653205871582031,-0.0009891986846923828,0.0004761219024658203,0.0009891986846923828,True
ticino_2020-10-03T00:00:00,ticino,synoptic,hotspot,t1,q850_trace,precip_zwd,q850,43.72747747747748,6.180083446444733,0.00019000675820279866,1.0,850,0.0,0.002225819506272764,0.9999999065466326,0.9989036050944795,0.0010963015546062561,6.988592147827148,7.686275005340576,6.243630409240723,0.6976828575134277,-0.7449617385864258,0.7213222980499268,-0.023639440536499023,0.7213222980499268,True
ticino_2020-10-03T00:00:00,ticino,synoptic,low_near,t1,q850_trace,precip_zwd,q850,63.72747747747748,11.180083446444733,1.0927389666903764e-05,1.0,850,0.0,0.0020181634712411706,1.0,0.9992978451068975,0.0007021548931025561,6.988592147827148,7.000933647155762,6.984961986541748,0.012341499328613281,-0.0036301612854003906,0.007985830307006836,0.004355669021606445,0.007985830307006836,True
valais_2020-10-03T00:00:00,valais,local,hotspot,t1,q850_trace,precip_zwd,q850,46.47747747747748,7.280638034804468,0.00010067348921438679,1.0,850,0.0,0.0,0.9999998717579447,0.9999998717579447,0.0,5.7392401695251465,6.42060661315918,5.055570125579834,0.6813664436340332,-0.6836700439453125,0.6825182437896729,-0.0011518001556396484,0.6825182437896729,True
valais_2020-10-03T00:00:00,valais,local,low_near,t1,q850_trace,precip_zwd,q850,53.97747747747748,344.7806380348045,1.0222548780802754e-06,1.0,850,0.0,0.02735274204468517,1.0,0.9714245692674044,0.0285754307325956,5.7392401695251465,5.742251873016357,5.743016719818115,0.0030117034912109375,0.00377655029296875,-0.00038242340087890625,0.0033941268920898438,0.0033941268920898438,False
valais_2020-10-03T00:00:00,valais,synoptic,hotspot,t1,q850_trace,precip_zwd,q850,43.97747747747748,9.780638034804468,0.0001590295578353107,1.0,850,0.0,0.0002590822730151419,0.9999999069374674,0.999923781785857,7.612515869489836e-05,5.7392401695251465,6.52970552444458,5.011275291442871,0.7904653549194336,-0.7279648780822754,0.7592151165008545,0.0312502384185791,0.7592151165008545,True
valais_2020-10-03T00:00:00,valais,synoptic,low_near,t1,q850_trace,precip_zwd,q850,63.97747747747748,359.7806380348045,8.647660251881462e-06,1.0,850,0.0,0.008177303595556882,1.0,0.9927437196056875,0.007256280394312445,5.7392401695251465,5.752197265625,5.734445095062256,0.012957096099853516,-0.004795074462890625,0.00887608528137207,0.004081010818481445,0.00887608528137207,True
