target,init_time,stratum,tcwv,tcwv_pct,precip,precip_pct,month,resid_rms,resid_mean,resid_std
rockies,2020-10-28T12:00:00,low,6.600897312164307,23.387096774193548,,,10,5.601987361907959,-4.508883714675903,3.2822182178497314
rockies,2022-03-07T12:00:00,low,3.3923115730285645,12.903225806451612,,,3,3.1798455715179443,-2.8074976205825806,1.4930457472801208
rockies,2020-09-25T12:00:00,low,9.271373748779297,17.083333333333332,,,9,8.527698040008545,-6.185501575469971,5.867604970932007
rockies,2020-04-18T12:00:00,typical,5.875777244567871,41.66666666666667,,,4,6.269449710845947,-4.493829250335693,4.36040186882019
rockies,2021-08-29T00:00:00,typical,16.84921646118164,43.95161290322581,,,8,6.9346840381622314,0.2916900962591171,6.913505792617798
rockies,2022-11-01T00:00:00,typical,6.329041004180908,59.583333333333336,,,11,4.796246767044067,-3.0031365156173706,3.705849528312683
rockies,2020-12-19T00:00:00,humid,5.998367786407471,72.17741935483872,,,12,4.709568023681641,-3.231674313545227,3.4221062660217285
rockies,2021-08-20T00:00:00,humid,21.984296798706055,77.82258064516128,,,8,11.54119873046875,2.247788190841675,11.320013999938965
rockies,2023-08-19T00:00:00,humid,23.223134994506836,84.67741935483872,,,8,10.770602703094482,1.8185396790504456,10.601357460021973
rockies,2023-09-03T12:00:00,extreme,20.21331214904785,95.0,,,9,11.872373104095459,-0.09494519233703613,11.81199836730957
rockies,2020-05-28T00:00:00,extreme,17.87114715576172,97.17741935483872,,,5,7.776647567749023,-1.1503766924142838,7.6331400871276855
rockies,2022-07-25T12:00:00,extreme,28.289262771606445,96.37096774193549,,,7,17.741761684417725,-10.755286931991577,13.848486423492432
alps_east,2023-12-04T12:00:00,low,5.369279384613037,14.919354838709678,,,12,7.43885064125061,-6.770688533782959,3.0713077783584595
alps_east,2021-01-07T12:00:00,low,4.931312561035156,18.951612903225808,,,1,9.403468132019043,-8.184073448181152,4.630286455154419
alps_east,2022-02-27T12:00:00,low,3.7091572284698486,11.061946902654867,,,2,11.400767803192139,-10.686842441558838,3.9655237197875977
alps_east,2020-10-29T00:00:00,typical,15.034673690795898,55.24193548387096,,,10,9.997965812683105,-8.003317832946777,5.986130714416504
alps_east,2023-10-11T00:00:00,typical,15.117197036743164,56.451612903225815,,,10,16.818761825561523,-13.825038433074951,9.557501316070557
alps_east,2021-08-03T12:00:00,typical,20.719457626342773,43.54838709677419,,,8,13.924697399139404,-8.549226760864258,10.821969032287598
alps_east,2022-03-29T12:00:00,humid,9.044692039489746,70.96774193548387,,,3,10.19364595413208,-8.640579223632812,5.408400297164917
alps_east,2023-10-02T00:00:00,humid,16.760225296020508,72.58064516129032,,,10,11.968408107757568,-7.749023914337158,8.493168115615845
alps_east,2022-11-02T12:00:00,humid,13.456473350524902,87.5,,,11,15.466313362121582,-12.955069065093994,8.438865184783936
alps_east,2023-03-30T00:00:00,extreme,15.59087085723877,98.38709677419355,,,3,10.537323951721191,-7.212992191314697,7.580453395843506
alps_east,2022-07-23T12:00:00,extreme,29.26132583618164,97.17741935483872,,,7,21.199395179748535,-16.43228769302368,13.244403839111328
alps_east,2020-02-24T12:00:00,extreme,15.027361869812012,97.34513274336283,,,2,11.673539638519287,-8.607169151306152,7.8685126304626465
valais,2020-12-10T12:00:00,low,5.002617835998535,22.58064516129032,,,12,11.778639793395996,-7.619246006011963,8.980979442596436
valais,2021-12-14T00:00:00,low,4.587827205657959,18.14516129032258,,,12,17.966941833496094,-13.804253101348877,11.486817836761475
valais,2020-09-02T00:00:00,low,12.020362854003906,20.416666666666668,,,9,19.375285148620605,-11.429457187652588,15.644451141357422
valais,2022-03-11T12:00:00,typical,6.413374423980713,49.596774193548384,,,3,13.501967430114746,-10.940141201019287,7.890192031860352
valais,2022-06-17T12:00:00,typical,17.562314987182617,60.0,,,6,21.5436429977417,-12.324024677276611,17.587621688842773
valais,2021-05-01T00:00:00,typical,12.93921947479248,58.06451612903226,,,5,16.10439109802246,-7.061123609542847,14.472723484039307
valais,2021-02-19T00:00:00,humid,9.726483345031738,83.1858407079646,,,2,14.092069149017334,-9.826660871505737,9.960927963256836
valais,2020-04-25T12:00:00,humid,11.821131706237793,84.16666666666667,,,4,15.043332576751709,-8.051354169845581,12.69605827331543
valais,2020-09-12T12:00:00,humid,18.900789260864258,75.41666666666667,,,9,25.622724533081055,-13.157917976379395,21.95909881591797
valais,2020-05-10T00:00:00,extreme,19.388484954833984,98.38709677419355,,,5,18.325581550598145,-6.536994934082031,17.118824005126953
valais,2021-06-20T12:00:00,extreme,24.712135314941406,95.83333333333334,,,6,27.96510410308838,-15.487059116363525,23.26879119873047
valais,2021-05-10T12:00:00,extreme,18.814355850219727,96.7741935483871,,,5,18.612974166870117,-8.388426303863525,16.60731077194214
pyrenees,2021-03-25T12:00:00,low,9.492870330810547,29.435483870967744,,,3,14.599434852600098,-9.299689292907715,11.236029148101807
pyrenees,2023-05-13T12:00:00,low,14.910623550415039,28.225806451612907,,,5,14.73078203201294,-5.115806579589844,13.806861400604248
pyrenees,2021-11-18T12:00:00,low,10.217581748962402,26.25,,,11,14.842681884765625,-8.567960262298584,12.117160320281982
pyrenees,2020-05-07T12:00:00,typical,16.450157165527344,43.145161290322584,,,5,17.461807250976562,-6.654622316360474,16.140626430511475
pyrenees,2022-08-23T12:00:00,typical,25.489290237426758,56.85483870967742,,,8,27.07781982421875,-13.109629154205322,23.691899299621582
pyrenees,2020-02-08T12:00:00,typical,9.60293197631836,52.21238938053098,,,2,13.471784591674805,-9.222930908203125,9.77745532989502
pyrenees,2020-08-02T12:00:00,humid,27.698101043701172,73.79032258064517,,,8,23.567943572998047,-9.22599744796753,21.685924530029297
pyrenees,2022-06-30T00:00:00,humid,24.87689781188965,74.16666666666667,,,6,20.295687675476074,-4.4894936084747314,19.788697242736816
pyrenees,2023-03-07T12:00:00,humid,15.557015419006348,86.69354838709677,,,3,11.225047588348389,-2.0205217003822327,10.508878707885742
pyrenees,2021-01-29T00:00:00,extreme,16.273162841796875,95.16129032258065,,,1,17.426222801208496,-8.394272089004517,15.261912822723389
pyrenees,2023-06-22T00:00:00,extreme,29.633930206298828,95.41666666666667,,,6,28.922164916992188,-12.580463409423828,25.895079612731934
pyrenees,2022-03-15T00:00:00,extreme,17.66120147705078,95.16129032258065,,,3,13.703577995300293,-5.307115197181702,12.509918212890625
atlas,2023-08-01T00:00:00,low,16.74945068359375,27.82258064516129,,,8,14.05812406539917,-7.341112852096558,11.988795757293701
atlas,2022-08-07T12:00:00,low,15.542804718017578,17.338709677419356,,,8,13.843533515930176,-3.7755075693130493,13.257969856262207
atlas,2020-09-09T12:00:00,low,15.419054985046387,16.666666666666664,,,9,17.671058654785156,-12.898173809051514,12.056145668029785
atlas,2020-04-16T00:00:00,typical,13.287692070007324,59.166666666666664,,,4,13.377024173736572,-9.734783172607422,9.126617908477783
atlas,2020-11-03T12:00:00,typical,11.03667163848877,43.333333333333336,,,11,14.837415218353271,-11.578701972961426,9.275099277496338
atlas,2020-09-12T00:00:00,typical,19.569419860839844,55.41666666666667,,,9,15.415167808532715,-10.317966938018799,11.452783107757568
atlas,2022-11-09T12:00:00,humid,15.050762176513672,84.16666666666667,,,11,15.395498275756836,-12.68494701385498,8.715357303619385
atlas,2023-09-11T00:00:00,humid,24.602190017700195,87.91666666666667,,,9,19.213479042053223,-10.93062162399292,15.789363861083984
atlas,2021-12-20T00:00:00,humid,13.820328712463379,83.87096774193549,,,12,11.831521034240723,-6.819509983062744,9.649147033691406
atlas,2023-06-21T00:00:00,extreme,25.577085494995117,97.08333333333333,,,6,19.010642051696777,-9.657927989959717,16.27607297897339
atlas,2023-02-16T12:00:00,extreme,16.056182861328125,96.90265486725663,,,2,13.358920097351074,-9.245495319366455,9.624659061431885
atlas,2023-11-01T00:00:00,extreme,20.103271484375,98.33333333333333,,,11,17.30961799621582,-12.831614971160889,11.61550235748291
new_zealand_alps,2021-04-24T12:00:00,low,9.595209121704102,15.0,,,4,7.201743125915527,-3.6476263999938965,6.2007737159729
new_zealand_alps,2021-03-18T00:00:00,low,11.944576263427734,15.32258064516129,,,3,12.503652095794678,-8.763418912887573,8.914753675460815
new_zealand_alps,2023-09-12T12:00:00,low,7.632527828216553,25.416666666666664,,,9,7.291029453277588,-4.562917232513428,5.67852258682251
new_zealand_alps,2021-09-28T12:00:00,typical,9.853133201599121,47.91666666666667,,,9,8.94566822052002,-6.578760623931885,6.061053037643433
new_zealand_alps,2023-03-24T00:00:00,typical,14.793403625488281,43.145161290322584,,,3,12.18112325668335,-9.72423505783081,7.3151421546936035
new_zealand_alps,2021-06-17T00:00:00,typical,10.858006477355957,46.25,,,6,7.243799448013306,-4.467257738113403,5.696700096130371
new_zealand_alps,2020-12-23T12:00:00,humid,24.805620193481445,86.69354838709677,,,12,8.91112232208252,0.5161935091018677,8.711181402206421
new_zealand_alps,2020-04-02T00:00:00,humid,16.515344619750977,75.0,,,4,9.9344162940979,-6.561974287033081,7.442780256271362
new_zealand_alps,2022-05-18T12:00:00,humid,16.008403778076172,71.7741935483871,,,5,8.054989337921143,-2.6638619899749756,7.588554859161377
new_zealand_alps,2023-10-25T12:00:00,extreme,22.74798583984375,95.16129032258065,,,10,8.887882232666016,-5.4997498989105225,6.911811590194702
new_zealand_alps,2022-08-05T12:00:00,extreme,21.20111083984375,98.38709677419355,,,8,7.1939239501953125,-3.4327008724212646,6.249650239944458
new_zealand_alps,2023-12-23T00:00:00,extreme,28.518224716186523,97.58064516129032,,,12,9.891992092132568,-4.900457262992859,8.551994800567627
caucasus,2022-12-23T00:00:00,low,5.642417907714844,25.403225806451612,,,12,11.142414569854736,-7.710880279541016,8.043346643447876
caucasus,2022-03-27T00:00:00,low,5.710938453674316,24.596774193548388,,,3,12.389896392822266,-8.343549251556396,9.159403324127197
caucasus,2020-05-14T12:00:00,low,11.151910781860352,18.548387096774192,,,5,21.344058990478516,-11.763518810272217,17.771886825561523
caucasus,2022-08-23T12:00:00,typical,20.893756866455078,42.74193548387097,,,8,25.24110984802246,-14.083143711090088,20.918485641479492
caucasus,2021-07-11T00:00:00,typical,21.818531036376953,41.12903225806452,,,7,25.252968788146973,-10.641439437866211,22.900744438171387
caucasus,2021-12-27T12:00:00,typical,7.079448223114014,47.983870967741936,,,12,10.169456481933594,-6.059147119522095,8.15622067451477
caucasus,2022-10-07T00:00:00,humid,17.20355224609375,82.66129032258065,,,10,26.60166645050049,-13.782801151275635,22.74063777923584
caucasus,2021-02-13T00:00:00,humid,8.592330932617188,82.30088495575221,,,2,14.168333530426025,-7.781504154205322,11.827467918395996
caucasus,2023-04-19T12:00:00,humid,13.812161445617676,76.66666666666667,,,4,19.145048141479492,-9.766667366027832,16.465012073516846
caucasus,2020-03-13T12:00:00,extreme,13.732146263122559,95.16129032258065,,,3,18.10677719116211,-11.170626640319824,14.20970630645752
caucasus,2023-09-07T12:00:00,extreme,25.851686477661133,97.5,,,9,34.39155197143555,-15.871991157531738,30.472668647766113
caucasus,2023-03-16T12:00:00,extreme,14.211808204650879,97.58064516129032,,,3,17.079669952392578,-7.353246450424194,15.415599346160889
