target,case_id,case_key,init_time,stratum,terrain,tcwv_resid_mean_t0,tcwv_resid_mean_t1,tcwv_resid_mean,tcwv_resid_rms_t0,tcwv_resid_rms_t1,tcwv_resid_rms,tcwv_slope_t0,tcwv_slope_t1,tcwv_intercept_t0,tcwv_intercept_t1
alps_east,alps_east_2020022412_extreme,alps_east|2020-02-24T12:00:00,2020-02-24T12:00:00,extreme,mountain,-4.935698509216309,-8.485616683959961,-6.710657596588135,8.581336975097656,11.81672477722168,10.326527217336498,5.8360661534384795,5.836213019426699,8.539689891118972,8.556682369306133
alps_east,alps_east_2020102900_typical,alps_east|2020-10-29T00:00:00,2020-10-29T00:00:00,typical,mountain,-6.693330764770508,-6.159585952758789,-6.426458358764648,9.127734184265137,9.084914207458496,9.106349364467727,5.895136927860515,5.915062553566347,7.7414280118722125,7.423350659947432
alps_east,alps_east_2021010712_low,alps_east|2021-01-07T12:00:00,2021-01-07T12:00:00,low,mountain,-7.189911365509033,-7.523630142211914,-7.356770753860474,8.931480407714844,9.06911849975586,9.000562555640844,5.91159780477658,5.90387133669676,7.789153576191336,8.026191641679702
alps_east,alps_east_2021080312_typical,alps_east|2021-08-03T12:00:00,2021-08-03T12:00:00,typical,mountain,-5.5045857429504395,-1.4958933591842651,-3.5002395510673523,11.918863296508789,10.828243255615234,11.38661833653085,5.818094707825527,5.808742579563827,9.038581348482497,9.43091994534988
alps_east,alps_east_2022022712_low,alps_east|2022-02-27T12:00:00,2022-02-27T12:00:00,low,mountain,-10.194962501525879,-9.145469665527344,-9.670216083526611,11.171758651733398,10.011585235595703,10.607545199106575,5.8804127953213685,5.883450269384253,8.146237315473305,8.206579097714524
alps_east,alps_east_2022032912_humid,alps_east|2022-03-29T12:00:00,2022-03-29T12:00:00,humid,mountain,-8.080430030822754,-6.383059024810791,-7.2317445278167725,9.964174270629883,8.339678764343262,9.187899944707727,5.901703829725494,5.903406122211404,7.929638991213196,8.06509126373515
alps_east,alps_east_2022072312_extreme,alps_east|2022-07-23T12:00:00,2022-07-23T12:00:00,extreme,mountain,-9.545557022094727,-11.793684959411621,-10.669620990753174,14.64457893371582,19.33165168762207,17.149000686882232,5.841599849828271,5.836614007489021,8.522902298555211,8.902110917840059
alps_east,alps_east_2022110212_humid,alps_east|2022-11-02T12:00:00,2022-11-02T12:00:00,humid,mountain,-12.454777717590332,-11.574313163757324,-12.014545440673828,15.024272918701172,14.001218795776367,14.521757891226855,5.886394302300229,5.876741689144387,7.951481209168357,8.263314920371794
alps_east,alps_east_2023033000_extreme,alps_east|2023-03-30T00:00:00,2023-03-30T00:00:00,extreme,mountain,-6.619194984436035,-6.948908805847168,-6.784051895141602,9.999995231628418,10.03866195678711,10.019347247082415,5.9173324829062235,5.942241064788274,7.576278637621102,7.135050680233781
alps_east,alps_east_2023100200_humid,alps_east|2023-10-02T00:00:00,2023-10-02T00:00:00,humid,mountain,-6.5478620529174805,-8.31686782836914,-7.4323649406433105,11.81386661529541,11.280574798583984,11.550298961291858,5.8271590868475585,5.85671251169402,8.727628391723355,8.1591636316397
alps_east,alps_east_2023101100_typical,alps_east|2023-10-11T00:00:00,2023-10-11T00:00:00,typical,mountain,-8.240903854370117,-9.770185470581055,-9.005544662475586,13.207706451416016,12.848359107971191,13.029271688666302,5.845092590179955,5.871868898784058,8.088384618749448,7.696230612338338
alps_east,alps_east_2023120412_low,alps_east|2023-12-04T12:00:00,2023-12-04T12:00:00,low,mountain,-5.966597557067871,-4.5643630027771,-5.265480279922485,6.605218410491943,5.366570472717285,6.017847991140302,5.894132998439968,5.888201784171564,7.4542026605525,7.780851965822786
amazon_interior,amazon_interior_2020031712_typical,amazon_interior|2020-03-17T12:00:00,2020-03-17T12:00:00,typical,flat,7.525723457336426,9.207277297973633,8.36650037765503,8.464189529418945,10.815263748168945,9.711138819221532,5.834844669967202,5.840951585538301,8.672087072532088,8.756283207672169
amazon_interior,amazon_interior_2020070412_humid,amazon_interior|2020-07-04T12:00:00,2020-07-04T12:00:00,humid,flat,8.854818344116211,9.939653396606445,9.397235870361328,9.800751686096191,11.552589416503906,10.712540684609683,5.826444651161541,5.817320865425828,8.866835520303567,9.277688376171001
amazon_interior,amazon_interior_2020072700_typical,amazon_interior|2020-07-27T00:00:00,2020-07-27T00:00:00,typical,flat,10.932229042053223,14.204121589660645,12.568175315856934,12.222282409667969,14.970562934875488,13.665685893667153,5.849962595890253,5.870576692808509,8.391727597389643,7.858547066181514
amazon_interior,amazon_interior_2020102700_extreme,amazon_interior|2020-10-27T00:00:00,2020-10-27T00:00:00,extreme,flat,2.751807451248169,0.8278323411941528,1.7898198962211609,5.13791036605835,6.131528377532959,5.656578611410868,5.898425654387828,5.916702326023375,7.916811556853773,7.650252613322193
amazon_interior,amazon_interior_2021042712_low,amazon_interior|2021-04-27T12:00:00,2021-04-27T12:00:00,low,flat,8.19692611694336,8.05810546875,8.12751579284668,9.152908325195312,8.817448616027832,8.986743873776552,5.875663250327082,5.871681547234266,8.250523467138306,8.341181720977172
amazon_interior,amazon_interior_2022032512_humid,amazon_interior|2022-03-25T12:00:00,2022-03-25T12:00:00,humid,flat,3.1027534008026123,6.200037956237793,4.651395678520203,4.8887858390808105,7.368388652801514,6.25273453455091,5.92381216981205,5.919862375206054,7.661889428527317,7.777105272324014
amazon_interior,amazon_interior_2022052300_low,amazon_interior|2022-05-23T00:00:00,2022-05-23T00:00:00,low,flat,7.128302574157715,6.800459861755371,6.964381217956543,8.615487098693848,7.711417198181152,8.175957838448172,5.838191688325099,5.858663869039712,8.80807778014684,8.420804073365616
amazon_interior,amazon_interior_2022090900_extreme,amazon_interior|2022-09-09T00:00:00,2022-09-09T00:00:00,extreme,flat,7.230340480804443,9.794819831848145,8.512580156326294,8.787979125976562,10.824352264404297,9.85888378728835,5.845245226562389,5.868559855263367,8.743871791559526,8.272096621576555
amazon_interior,amazon_interior_2022102000_extreme,amazon_interior|2022-10-20T00:00:00,2022-10-20T00:00:00,extreme,flat,7.012526512145996,2.480309247970581,4.746417880058289,7.970910549163818,6.6330037117004395,7.332535483112334,5.881095502689318,5.893572358762,7.974567113122778,7.703805955080364
amazon_interior,amazon_interior_2022112512_typical,amazon_interior|2022-11-25T12:00:00,2022-11-25T12:00:00,typical,flat,7.74154806137085,9.226381301879883,8.483964681625366,8.69195556640625,9.968266487121582,9.351909653291456,5.9071358696308085,5.901578929745003,7.607883738185966,7.790523503899149
amazon_interior,amazon_interior_2023021600_humid,amazon_interior|2023-02-16T00:00:00,2023-02-16T00:00:00,humid,flat,3.9413177967071533,1.7222416400909424,2.831779718399048,6.972131729125977,3.5786845684051514,5.541552313586255,5.899748964146905,5.927177427858973,7.842368256528547,7.484574266970628
amazon_interior,amazon_interior_2023062212_low,amazon_interior|2023-06-22T12:00:00,2023-06-22T12:00:00,low,flat,11.0765380859375,12.568206787109375,11.822372436523438,11.800947189331055,13.089051246643066,12.461653523963601,5.8055461063746785,5.801590683185652,9.615339221291855,9.946302092171894
andes,andes_2020050900_typical,andes|2020-05-09T00:00:00,2020-05-09T00:00:00,typical,mountain,-32.3297119140625,-33.272743225097656,-32.80122756958008,35.70014190673828,37.15486526489258,36.434764614400706,5.829854174427792,5.8551977502124775,8.440714102344895,7.97581442871428
andes,andes_2020053000_extreme,andes|2020-05-30T00:00:00,2020-05-30T00:00:00,extreme,mountain,-40.03369903564453,-43.0479850769043,-41.540842056274414,43.17457580566406,46.89354705810547,45.072434767215455,5.814853867717809,5.842050833715613,8.787575340216891,8.195521369012603
andes,andes_2020091700_humid,andes|2020-09-17T00:00:00,2020-09-17T00:00:00,humid,mountain,-35.94866180419922,-41.079280853271484,-38.51397132873535,38.808204650878906,45.265655517578125,42.160741915083456,5.852031342999072,5.878455734737952,8.34017747039526,7.793585911964968
andes,andes_2020100800_low,andes|2020-10-08T00:00:00,2020-10-08T00:00:00,low,mountain,-29.395227432250977,-25.99184226989746,-27.69353485107422,31.388656616210938,28.030315399169922,29.756901262962053,5.871764856022281,5.890037499201583,8.19381572676257,7.840340323612029
andes,andes_2020112200_low,andes|2020-11-22T00:00:00,2020-11-22T00:00:00,low,mountain,-32.78477096557617,-32.49456787109375,-32.63966941833496,35.215091705322266,35.416507720947266,35.315943304421126,5.8921060885886405,5.910380399950757,7.54584527824038,7.259637170913822
andes,andes_2021081512_humid,andes|2021-08-15T12:00:00,2021-08-15T12:00:00,humid,mountain,-27.840986251831055,-32.3983268737793,-30.119656562805176,29.95075035095215,34.39216232299805,32.24800982879801,5.8064651631134,5.7972427176217876,9.65615519973299,10.046605345936394
andes,andes_2021102012_typical,andes|2021-10-20T12:00:00,2021-10-20T12:00:00,typical,mountain,-37.21823501586914,-33.862430572509766,-35.54033279418945,41.31498718261719,38.767818450927734,40.061651946368336,5.853932955998184,5.842116503561701,8.504716973042903,8.794629715576459
andes,andes_2022031100_low,andes|2022-03-11T00:00:00,2022-03-11T00:00:00,low,mountain,-36.73031234741211,-40.45815658569336,-38.594234466552734,39.837894439697266,44.25263595581055,42.10316866000681,5.904982520763121,5.930121134219313,7.8100512294271365,7.525149479323839
andes,andes_2022112412_extreme,andes|2022-11-24T12:00:00,2022-11-24T12:00:00,extreme,mountain,-43.70625686645508,-42.97909164428711,-43.342674255371094,47.52372360229492,46.88314437866211,47.20452060903595,5.899793084439687,5.892669039977367,7.855900942625665,8.014462043006013
andes,andes_2022120512_typical,andes|2022-12-05T12:00:00,2022-12-05T12:00:00,typical,mountain,-43.938846588134766,-44.64045333862305,-44.289649963378906,49.16530227661133,50.0860710144043,49.62782212434127,5.922198872272926,5.9048072815480666,7.775280958755938,8.140847354544661
andes,andes_2023081100_humid,andes|2023-08-11T00:00:00,2023-08-11T00:00:00,humid,mountain,-35.818538665771484,-37.695011138916016,-36.75677490234375,39.61202621459961,42.52183151245117,41.092692635062335,5.793742087329401,5.8236440356900046,9.214131593628949,8.58834763727333
andes,andes_2023091000_extreme,andes|2023-09-10T00:00:00,2023-09-10T00:00:00,extreme,mountain,-39.60117721557617,-41.128028869628906,-40.36460304260254,42.28586196899414,43.516353607177734,42.90551918882788,5.8449373368495685,5.869852088968549,8.830515187156239,8.383752279503131
aquitaine_basin,aquitaine_basin_2020021000_extreme,aquitaine_basin|2020-02-10T00:00:00,2020-02-10T00:00:00,extreme,flat,0.8753344416618347,-0.5997810959815979,0.1377766728401184,2.6962831020355225,6.217547416687012,4.792068365803728,5.846856493553843,5.866902751680731,7.971808714356832,7.718643794462144
aquitaine_basin,aquitaine_basin_2020120300_typical,aquitaine_basin|2020-12-03T00:00:00,2020-12-03T00:00:00,typical,flat,-1.9532428979873657,-2.6688244342803955,-2.3110336661338806,3.394745349884033,3.6848952770233154,3.5427919211539933,5.904544248323995,5.924397526770705,7.544606790305337,7.288981352431484
aquitaine_basin,aquitaine_basin_2020122612_low,aquitaine_basin|2020-12-26T12:00:00,2020-12-26T12:00:00,low,flat,-5.085982322692871,-5.1624908447265625,-5.124236583709717,5.3869171142578125,5.654098987579346,5.522124199854142,5.911994302100988,5.90302552004132,7.652877899852229,7.994408324309159
aquitaine_basin,aquitaine_basin_2021072700_typical,aquitaine_basin|2021-07-27T00:00:00,2021-07-27T00:00:00,typical,flat,-0.6033115386962891,-5.463672161102295,-3.033491849899292,3.9440643787384033,7.375216960906982,5.913944074984273,5.804062356902242,5.831581665284446,9.401839847690729,8.846795031788353
aquitaine_basin,aquitaine_basin_2022021712_extreme,aquitaine_basin|2022-02-17T12:00:00,2022-02-17T12:00:00,extreme,flat,-4.921278953552246,-7.640854358673096,-6.281066656112671,5.637889862060547,8.085098266601562,6.969742322257283,5.931687472004635,5.928238855105523,7.285767781446268,7.406707060240703
aquitaine_basin,aquitaine_basin_2022033100_humid,aquitaine_basin|2022-03-31T00:00:00,2022-03-31T00:00:00,humid,flat,3.3762600421905518,5.023055076599121,4.199657559394836,4.255591869354248,5.728220462799072,5.045917747493711,5.915720921752848,5.9377137330016945,7.8522930623733265,7.534569142345653
aquitaine_basin,aquitaine_basin_2022040112_low,aquitaine_basin|2022-04-01T12:00:00,2022-04-01T12:00:00,low,flat,-1.585767149925232,-1.7225666046142578,-1.6541668772697449,2.192936420440674,2.36971378326416,2.283036745070838,5.914347026961101,5.907122866450759,7.73507943423826,7.806993965623707
aquitaine_basin,aquitaine_basin_2022102700_humid,aquitaine_basin|2022-10-27T00:00:00,2022-10-27T00:00:00,humid,flat,-0.9884471893310547,1.8697658777236938,0.4406593441963196,4.718559265136719,4.971839427947998,4.846854074340688,5.895799662032074,5.909414400367259,7.793534501924107,7.511267056191696
aquitaine_basin,aquitaine_basin_2022123100_extreme,aquitaine_basin|2022-12-31T00:00:00,2022-12-31T00:00:00,extreme,flat,-1.057438850402832,-2.2175586223602295,-1.6374987363815308,3.9206202030181885,3.5129618644714355,3.722375843298538,5.857573019998911,5.884171794389412,8.371006935668863,7.976920089517922
aquitaine_basin,aquitaine_basin_2023093012_humid,aquitaine_basin|2023-09-30T12:00:00,2023-09-30T12:00:00,humid,flat,-1.478951334953308,-0.4487108886241913,-0.9638311117887497,6.904482364654541,4.531735420227051,5.83988452979877,5.847316758519238,5.840734095442107,8.368822371501585,8.689025297144198
aquitaine_basin,aquitaine_basin_2023102100_typical,aquitaine_basin|2023-10-21T00:00:00,2023-10-21T00:00:00,typical,flat,15.461027145385742,9.207435607910156,12.33423137664795,15.81415843963623,9.741042137145996,13.133459351434633,5.857295921671061,5.878221197245747,8.317389373939521,8.060735336081004
aquitaine_basin,aquitaine_basin_2023121712_low,aquitaine_basin|2023-12-17T12:00:00,2023-12-17T12:00:00,low,flat,-6.093685150146484,-6.468049049377441,-6.280867099761963,6.770331382751465,6.7604146003723145,6.765374808582172,5.877339542268671,5.868665215584738,7.835435701482215,8.160110636348811
atlas,atlas_2020041600_typical,atlas|2020-04-16T00:00:00,2020-04-16T00:00:00,typical,mountain,-9.180375099182129,-8.092886924743652,-8.63663101196289,13.028761863708496,12.208845138549805,12.625461086992349,5.843541948028618,5.859498944658999,8.266480929840373,8.014475309593928
atlas,atlas_2020090912_low,atlas|2020-09-09T12:00:00,2020-09-09T12:00:00,low,mountain,-7.453212261199951,-10.535154342651367,-8.99418330192566,13.358707427978516,14.552227020263672,13.968220634633827,5.889070242420276,5.885272195950803,8.027531752868947,8.277121933740782
atlas,atlas_2020091200_typical,atlas|2020-09-12T00:00:00,2020-09-12T00:00:00,typical,mountain,-7.390209674835205,-8.022599220275879,-7.706404447555542,13.099542617797852,14.372081756591797,13.750540913245212,5.859061309332047,5.877819286631563,8.314030927217782,7.908308357294749
atlas,atlas_2020110312_typical,atlas|2020-11-03T12:00:00,2020-11-03T12:00:00,typical,mountain,-9.987086296081543,-10.447188377380371,-10.217137336730957,13.310994148254395,13.213613510131836,13.262393208052634,5.870506838874773,5.864078707003176,8.116887628859592,8.223159935553124
atlas,atlas_2021122000_humid,atlas|2021-12-20T00:00:00,2021-12-20T00:00:00,humid,mountain,-3.7228548526763916,-7.087300777435303,-5.405077815055847,9.88653564453125,12.005437850952148,10.997138833434391,5.884948128245369,5.908729283259902,7.403880305675838,7.128373147137982
atlas,atlas_2022080712_low,atlas|2022-08-07T12:00:00,2022-08-07T12:00:00,low,mountain,1.332345962524414,-2.4341070652008057,-0.5508805513381958,11.857573509216309,11.938216209411621,11.897963182602448,5.839428277700198,5.827969086069728,8.98515376100521,9.36649833971948
atlas,atlas_2022110912_humid,atlas|2022-11-09T12:00:00,2022-11-09T12:00:00,humid,mountain,-10.251579284667969,-10.011099815368652,-10.13133955001831,12.994750022888184,12.83803653717041,12.916630951743471,5.872736051199187,5.863535559694134,8.350326212945697,8.556873446531215
atlas,atlas_2023021612_extreme,atlas|2023-02-16T12:00:00,2023-02-16T12:00:00,extreme,mountain,-6.850600719451904,-6.266749382019043,-6.558675050735474,11.185261726379395,11.575167655944824,11.381884425499122,5.905435420969321,5.905855826731935,7.790535462986296,7.802499601991963
atlas,atlas_2023062100_extreme,atlas|2023-06-21T00:00:00,2023-06-21T00:00:00,extreme,mountain,-9.318359375,-4.5074052810668945,-6.912882328033447,18.158273696899414,17.8724308013916,18.01591916059295,5.831058483104142,5.844066912695793,9.227977348943691,8.871908654164432
atlas,atlas_2023080100_low,atlas|2023-08-01T00:00:00,2023-08-01T00:00:00,low,mountain,-2.5745153427124023,-1.2248857021331787,-1.8997005224227905,10.97519302368164,13.169998168945312,12.122370099883376,5.772839277576087,5.79557750341639,9.823122517612717,9.371489071745863
atlas,atlas_2023091100_humid,atlas|2023-09-11T00:00:00,2023-09-11T00:00:00,humid,mountain,-8.133467674255371,-9.719012260437012,-8.926239967346191,16.81238555908203,19.783430099487305,18.35811012452712,5.847395660287278,5.873705733215278,8.940242420202747,8.443264233466698
atlas,atlas_2023110100_extreme,atlas|2023-11-01T00:00:00,2023-11-01T00:00:00,extreme,mountain,-8.914475440979004,-9.729931831359863,-9.322203636169434,14.214253425598145,14.834137916564941,14.527502334792416,5.895792342183774,5.915657595086239,7.428126646291461,7.132579102756111
cascades_sierra,cascades_sierra_2020021700_typical,cascades_sierra|2020-02-17T00:00:00,2020-02-17T00:00:00,typical,mountain,-7.188366889953613,-7.573033332824707,-7.38070011138916,8.248112678527832,8.40688419342041,8.327876818231449,5.841829798129581,5.872202293413827,8.54759943690156,8.18784229467706
cascades_sierra,cascades_sierra_2020051512_typical,cascades_sierra|2020-05-15T12:00:00,2020-05-15T12:00:00,typical,mountain,-6.98795747756958,-5.0713725090026855,-6.029664993286133,8.096202850341797,6.953277587890625,7.546408742181432,5.854944057071393,5.841567484334427,8.246134499962817,8.53691102796122
cascades_sierra,cascades_sierra_2020081612_humid,cascades_sierra|2020-08-16T12:00:00,2020-08-16T12:00:00,humid,mountain,-2.1642098426818848,-2.4612197875976562,-2.3127148151397705,5.380579471588135,6.2567973136901855,5.835158441493957,5.849620033987697,5.840489306231909,8.761750621617708,9.08419617671631
cascades_sierra,cascades_sierra_2021022700_low,cascades_sierra|2021-02-27T00:00:00,2021-02-27T00:00:00,low,mountain,-3.159457206726074,-2.4312453269958496,-2.795351266860962,4.0661211013793945,3.576880693435669,3.829322153211689,5.918194722203303,5.9371178273578415,7.823175545627439,7.569094482431893
cascades_sierra,cascades_sierra_2021080112_extreme,cascades_sierra|2021-08-01T12:00:00,2021-08-01T12:00:00,extreme,mountain,-8.869200706481934,-8.41643238067627,-8.642816543579102,11.754681587219238,11.246441841125488,11.503368926160915,5.845504998857649,5.8366042829072935,8.324269988096319,8.68279199417457
cascades_sierra,cascades_sierra_2021123000_low,cascades_sierra|2021-12-30T00:00:00,2021-12-30T00:00:00,low,mountain,-0.8913085460662842,-1.7756900787353516,-1.3334993124008179,2.856823444366455,3.7879865169525146,3.354868257092658,5.8980076173960185,5.920574848109092,7.6566894657377444,7.363478271449763
cascades_sierra,cascades_sierra_2022032900_extreme,cascades_sierra|2022-03-29T00:00:00,2022-03-29T00:00:00,extreme,mountain,-1.6308777332305908,-0.30388784408569336,-0.9673827886581421,3.8945016860961914,3.5772712230682373,3.7392521168275215,5.895180492807845,5.920504037661238,7.967114060157103,7.574686316611025
cascades_sierra,cascades_sierra_2022052612_humid,cascades_sierra|2022-05-26T12:00:00,2022-05-26T12:00:00,humid,mountain,-4.527909755706787,-4.78963041305542,-4.6587700843811035,5.862695217132568,6.250411510467529,6.059655075133158,5.878125900251206,5.869973179925862,8.430063455012824,8.673686455412822
cascades_sierra,cascades_sierra_2022101000_typical,cascades_sierra|2022-10-10T00:00:00,2022-10-10T00:00:00,typical,mountain,-5.626370906829834,-5.469459056854248,-5.547914981842041,6.642823219299316,6.038665294647217,6.347935840241255,5.880406436035265,5.897896270620772,8.247440568181341,7.898374071472294
cascades_sierra,cascades_sierra_2023030900_low,cascades_sierra|2023-03-09T00:00:00,2023-03-09T00:00:00,low,mountain,-2.860292434692383,-2.7916135787963867,-2.8259530067443848,3.9159960746765137,3.6231579780578613,3.7724195810412047,5.879229868829048,5.903186119518546,8.114007718472307,7.791981268820222
cascades_sierra,cascades_sierra_2023042300_humid,cascades_sierra|2023-04-23T00:00:00,2023-04-23T00:00:00,humid,mountain,-7.018744945526123,-7.789449214935303,-7.404097080230713,7.865710258483887,8.739242553710938,8.3139568883598,5.904555148225253,5.92892297280031,7.821621577965632,7.398627639950774
cascades_sierra,cascades_sierra_2023061312_extreme,cascades_sierra|2023-06-13T12:00:00,2023-06-13T12:00:00,extreme,mountain,-1.6063950061798096,-2.173260450363159,-1.8898277282714844,6.069497108459473,6.066610336303711,6.068053894048113,5.843233174748398,5.830413947580121,8.962953329606847,9.324571605386216
caspian_lowland,caspian_lowland_2020053100_humid,caspian_lowland|2020-05-31T00:00:00,2020-05-31T00:00:00,humid,flat,-2.320232391357422,-1.473152756690979,-1.8966925740242004,3.811293601989746,3.9554338455200195,3.8840324295024407,5.815638741665764,5.834315429034952,8.825859045828834,8.421744655209583
caspian_lowland,caspian_lowland_2020080300_extreme,caspian_lowland|2020-08-03T00:00:00,2020-08-03T00:00:00,extreme,flat,4.3938727378845215,-1.1735590696334839,1.6101568341255188,7.312994480133057,3.69474458694458,5.793575141016677,5.810745408416265,5.8323238836620535,9.013042225162518,8.612724101702078
caspian_lowland,caspian_lowland_2020080912_low,caspian_lowland|2020-08-09T12:00:00,2020-08-09T12:00:00,low,flat,-0.5542463064193726,0.6243585348129272,0.035056114196777344,2.7779898643493652,4.102591514587402,3.5034614898691525,5.798165041226148,5.7940861798016225,9.26090842344939,9.44818744490565
caspian_lowland,caspian_lowland_2020100212_low,caspian_lowland|2020-10-02T12:00:00,2020-10-02T12:00:00,low,flat,-8.595253944396973,-6.402095317840576,-7.498674631118774,8.932340621948242,7.248075485229492,8.133919941396382,5.899826374083481,5.8855301510128895,7.772981574040174,8.130382383516016
caspian_lowland,caspian_lowland_2020121612_humid,caspian_lowland|2020-12-16T12:00:00,2020-12-16T12:00:00,humid,flat,1.657903790473938,2.471696376800537,2.0648000836372375,3.011777400970459,3.4208028316497803,3.222785683691946,5.91515515905608,5.905314743295858,7.499310893352699,7.7135844455186495
caspian_lowland,caspian_lowland_2021042700_extreme,caspian_lowland|2021-04-27T00:00:00,2021-04-27T00:00:00,extreme,flat,3.9157893657684326,2.3189873695373535,3.117388367652893,4.218651294708252,4.014497756958008,4.1178399062472355,5.877587530297832,5.896705733167362,8.092872542359002,7.79337778199822
caspian_lowland,caspian_lowland_2021052612_extreme,caspian_lowland|2021-05-26T12:00:00,2021-05-26T12:00:00,extreme,flat,-1.7481940984725952,1.9219979047775269,0.08690190315246582,3.57393217086792,3.8235344886779785,3.7008382258668546,5.820143321257728,5.807310422050253,9.067355279997969,9.33657808655337
caspian_lowland,caspian_lowland_2021061012_humid,caspian_lowland|2021-06-10T12:00:00,2021-06-10T12:00:00,humid,flat,-1.066155195236206,0.06492166221141815,-0.500616766512394,3.5893404483795166,2.924612283706665,3.2738907941760353,5.829730689813038,5.819980464145716,9.129666638987583,9.412659067036605
caspian_lowland,caspian_lowland_2021070200_typical,caspian_lowland|2021-07-02T00:00:00,2021-07-02T00:00:00,typical,flat,-3.135291337966919,-6.054627895355225,-4.594959616661072,5.008434772491455,8.063480377197266,6.712083680339023,5.831640253025773,5.843397990705649,9.339960183520072,8.997648057367476
caspian_lowland,caspian_lowland_2021111200_low,caspian_lowland|2021-11-12T00:00:00,2021-11-12T00:00:00,low,flat,-4.580982685089111,-6.255475997924805,-5.418229341506958,4.766574859619141,6.382396221160889,5.6327265784982865,5.915576627844629,5.933089286506685,7.437664261572615,7.231466253486972
caspian_lowland,caspian_lowland_2022040612_typical,caspian_lowland|2022-04-06T12:00:00,2022-04-06T12:00:00,typical,flat,-0.8909369707107544,1.8396668434143066,0.4743649363517761,3.4178683757781982,3.32877516746521,3.3736158902339293,5.911631209258883,5.9067913581864895,7.811485754218379,7.981014903944482
caspian_lowland,caspian_lowland_2022052212_typical,caspian_lowland|2022-05-22T12:00:00,2022-05-22T12:00:00,typical,flat,3.0176351070404053,4.916155815124512,3.9668954610824585,5.435007095336914,5.997435092926025,5.723134185925716,5.8487491614119556,5.833025968506923,8.652646565267247,8.995038123968369
caucasus,caucasus_2020031312_extreme,caucasus|2020-03-13T12:00:00,2020-03-13T12:00:00,extreme,mountain,-8.979512214660645,-8.164896965026855,-8.57220458984375,15.355926513671875,17.042158126831055,16.22096841611506,5.831369398532721,5.830190043923661,8.993269730563364,9.059439671568029
caucasus,caucasus_2020051412_low,caucasus|2020-05-14T12:00:00,2020-05-14T12:00:00,low,mountain,-10.967193603515625,-9.58576774597168,-10.276480674743652,20.088054656982422,20.173309326171875,20.130727123868706,5.8448166167889335,5.839903321388372,8.294263273676846,8.467278694842687
caucasus,caucasus_2021021300_humid,caucasus|2021-02-13T00:00:00,2021-02-13T00:00:00,humid,mountain,-6.4316205978393555,-6.219645023345947,-6.325632810592651,12.82431411743164,13.78091049194336,13.311208182759202,5.887460137350747,5.908482043298574,8.269430060563554,7.949585123026274
caucasus,caucasus_2021071100_typical,caucasus|2021-07-11T00:00:00,2021-07-11T00:00:00,typical,mountain,-4.249663352966309,-4.837287425994873,-4.543475389480591,21.598905563354492,23.86294937133789,22.75909789769512,5.803936425684168,5.821898205198781,9.949551794068075,9.545893415577895
caucasus,caucasus_2021122712_typical,caucasus|2021-12-27T12:00:00,2021-12-27T12:00:00,typical,mountain,-5.095252513885498,-4.075374603271484,-4.585313558578491,8.835119247436523,9.169113159179688,9.003665038257072,5.901616519656958,5.893051172753329,7.643536162828049,7.892934788203904
caucasus,caucasus_2022032700_low,caucasus|2022-03-27T00:00:00,2022-03-27T00:00:00,low,mountain,-7.236954212188721,-7.335859298706055,-7.286406755447388,11.915800094604492,11.461782455444336,11.690995444155044,5.909237293906951,5.932968214749731,7.656026929324313,7.280217287823857
caucasus,caucasus_2022082312_typical,caucasus|2022-08-23T12:00:00,2022-08-23T12:00:00,typical,mountain,-9.530092239379883,-9.004474639892578,-9.26728343963623,21.724409103393555,23.149642944335938,22.448339797653762,5.860054362212145,5.8477386342544255,8.349941215706965,8.799575664504594
caucasus,caucasus_2022100700_humid,caucasus|2022-10-07T00:00:00,2022-10-07T00:00:00,humid,mountain,-10.083608627319336,-11.270550727844238,-10.677079677581787,26.112138748168945,24.65096092224121,25.39206238565006,5.889123043094903,5.9089290472720775,8.102495634297552,7.688993681923609
caucasus,caucasus_2022122300_low,caucasus|2022-12-23T00:00:00,2022-12-23T00:00:00,low,mountain,-7.203991889953613,-7.284952163696289,-7.244472026824951,10.597352027893066,10.356321334838867,10.477529804145822,5.925243555032243,5.938674804181804,7.788799423857426,7.635945080871978
caucasus,caucasus_2023031612_extreme,caucasus|2023-03-16T12:00:00,2023-03-16T12:00:00,extreme,mountain,-3.8193013668060303,-4.782251834869385,-4.3007766008377075,14.479637145996094,16.698162078857422,15.628315787241789,5.890738584925995,5.8900693749412065,7.9231804901228315,8.001312783640822
caucasus,caucasus_2023041912_humid,caucasus|2023-04-19T12:00:00,2023-04-19T12:00:00,humid,mountain,-6.438160419464111,-7.265775203704834,-6.851967811584473,15.805742263793945,18.18229866027832,17.035513979346806,5.910827099986652,5.910062728914608,7.738885574818155,7.906855913831095
caucasus,caucasus_2023090712_extreme,caucasus|2023-09-07T12:00:00,2023-09-07T12:00:00,extreme,mountain,-13.480813026428223,-9.456924438476562,-11.468868732452393,32.135658264160156,32.50119400024414,32.31894292448618,5.8382036578904275,5.834318271540116,8.936471358984457,9.185102226921778
ganges_plain,ganges_plain_2020022500_extreme,ganges_plain|2020-02-25T00:00:00,2020-02-25T00:00:00,extreme,flat,-21.405550003051758,-23.530851364135742,-22.46820068359375,23.301910400390625,25.08353042602539,24.209115297147626,5.835757220704116,5.864968682844729,8.495250724342881,8.174355470171031
ganges_plain,ganges_plain_2020111700_typical,ganges_plain|2020-11-17T00:00:00,2020-11-17T00:00:00,typical,flat,-22.66914939880371,-21.04847526550293,-21.85881233215332,24.39029884338379,23.119062423706055,23.763182920442137,5.895401467318796,5.916752684000877,7.490873888994144,7.1724644496868315
ganges_plain,ganges_plain_2021031600_low,ganges_plain|2021-03-16T00:00:00,2021-03-16T00:00:00,low,flat,-20.585886001586914,-17.359195709228516,-18.972540855407715,22.309356689453125,19.803123474121094,21.093495386357056,5.8930632138152745,5.912606148295454,7.9202365876001215,7.707979442032106
ganges_plain,ganges_plain_2021090100_typical,ganges_plain|2021-09-01T00:00:00,2021-09-01T00:00:00,typical,flat,-24.07708168029785,-25.602108001708984,-24.839594841003418,30.812490463256836,31.401241302490234,31.108258741735387,5.8703207821925245,5.889206662707394,8.261957659319624,7.807788885950827
ganges_plain,ganges_plain_2021102012_humid,ganges_plain|2021-10-20T12:00:00,2021-10-20T12:00:00,humid,flat,-29.73828125,-20.399179458618164,-25.068730354309082,37.82769775390625,24.432390213012695,31.842396336345374,5.853932955998184,5.842116503561701,8.504716973042903,8.794629715576459
ganges_plain,ganges_plain_2021111300_extreme,ganges_plain|2021-11-13T00:00:00,2021-11-13T00:00:00,extreme,flat,-25.8157901763916,-22.45802116394043,-24.136905670166016,29.14388084411621,26.813533782958984,28.002958634632936,5.910819868892516,5.927638440713978,7.49082671833764,7.292491462973898
ganges_plain,ganges_plain_2022061712_humid,ganges_plain|2022-06-17T12:00:00,2022-06-17T12:00:00,humid,flat,-20.804262161254883,-30.860612869262695,-25.83243751525879,32.820682525634766,37.4671630859375,35.22062968742002,5.861713257376951,5.8564047355590905,8.943833558940588,9.315798335843676
ganges_plain,ganges_plain_2022072600_low,ganges_plain|2022-07-26T00:00:00,2022-07-26T00:00:00,low,flat,-23.83541488647461,-19.93539810180664,-21.885406494140625,31.953004837036133,25.06313133239746,28.715458121895406,5.825078939948694,5.841702831491159,8.937278753413171,8.505837346417746
ganges_plain,ganges_plain_2022100312_extreme,ganges_plain|2022-10-03T12:00:00,2022-10-03T12:00:00,extreme,flat,-24.140411376953125,-35.79558563232422,-29.967998504638672,31.69853973388672,41.68794250488281,37.03162143055047,5.8897030531887795,5.877414365328648,8.480598489169843,8.797821626653205
ganges_plain,ganges_plain_2023101000_typical,ganges_plain|2023-10-10T00:00:00,2023-10-10T00:00:00,typical,flat,-21.386564254760742,-27.109682083129883,-24.248123168945312,22.843605041503906,30.350439071655273,26.860560708355305,5.847508627468015,5.871556195631667,8.166687267791758,7.661667607685888
ganges_plain,ganges_plain_2023110500_humid,ganges_plain|2023-11-05T00:00:00,2023-11-05T00:00:00,humid,flat,-25.37611198425293,-23.453577041625977,-24.414844512939453,27.1300048828125,24.920005798339844,26.0484534467089,5.881619845521108,5.896762668204226,8.00458791405279,7.798771654582817
ganges_plain,ganges_plain_2023121312_low,ganges_plain|2023-12-13T12:00:00,2023-12-13T12:00:00,low,flat,-18.505821228027344,-19.672426223754883,-19.089123725891113,19.6712589263916,20.625036239624023,20.15379055705087,5.8861486298769945,5.879880251450595,7.631261610332733,7.923139904809414
great_plains,great_plains_2020030912_extreme,great_plains|2020-03-09T12:00:00,2020-03-09T12:00:00,extreme,flat,0.1772458255290985,-0.27269190549850464,-0.047723039984703064,1.8820409774780273,2.836388349533081,2.406987443909237,5.834864997412268,5.8328607961470995,8.970674686382448,9.0029233684636
great_plains,great_plains_2020041712_typical,great_plains|2020-04-17T12:00:00,2020-04-17T12:00:00,typical,flat,0.1055273711681366,-2.597339153289795,-1.2459058910608292,2.493767738342285,4.303778171539307,3.5171994599833982,5.828779363424372,5.82761931235489,8.727140400233155,8.794285874115424
great_plains,great_plains_2020090900_humid,great_plains|2020-09-09T00:00:00,2020-09-09T00:00:00,humid,flat,-2.1165921688079834,-1.5712894201278687,-1.843940794467926,4.6599955558776855,4.167070388793945,4.420409155607833,5.877022448002028,5.90262560786773,8.160971003299842,7.668189380288787
great_plains,great_plains_2020112612_low,great_plains|2020-11-26T12:00:00,2020-11-26T12:00:00,low,flat,-4.424587726593018,-4.9393205642700195,-4.6819541454315186,4.685210227966309,5.685447692871094,5.209391055997493,5.902365588077076,5.882417929441335,7.362473619313577,7.762319388834315
great_plains,great_plains_2020123012_low,great_plains|2020-12-30T12:00:00,2020-12-30T12:00:00,low,flat,-3.3290843963623047,-5.976443767547607,-4.652764081954956,4.181283950805664,6.325544357299805,5.361699678899986,5.909706235358209,5.899431794022277,7.74228269910057,8.099729759262612
great_plains,great_plains_2021071400_typical,great_plains|2021-07-14T00:00:00,2021-07-14T00:00:00,typical,flat,-0.40353888273239136,-5.413671970367432,-2.9086054265499115,6.735067844390869,8.109318733215332,7.453931485646517,5.7895747577671655,5.809309640754331,10.406989460006395,9.939799765042341
great_plains,great_plains_2021081212_humid,great_plains|2021-08-12T12:00:00,2021-08-12T12:00:00,humid,flat,1.0577311515808105,0.2069515585899353,0.6323413550853729,5.328901290893555,6.479682445526123,5.932262366203402,5.801302387103074,5.798220816315696,9.423277498255375,9.737538773693004
great_plains,great_plains_2022060400_low,great_plains|2022-06-04T00:00:00,2022-06-04T00:00:00,low,flat,-2.777982711791992,2.4517629146575928,-0.1631098985671997,3.6510009765625,3.920668363571167,3.7882349813579506,5.879835066501636,5.9005637837427125,8.27773459104107,7.804956861119174
great_plains,great_plains_2022062312_extreme,great_plains|2022-06-23T12:00:00,2022-06-23T12:00:00,extreme,flat,-4.541713714599609,-2.672959327697754,-3.6073365211486816,8.006266593933105,6.255971431732178,7.184618407674076,5.856991647117281,5.85214461682965,8.582982879077177,8.883160869738353
great_plains,great_plains_2022091000_typical,great_plains|2022-09-10T00:00:00,2022-09-10T00:00:00,typical,flat,-3.884780168533325,1.0615845918655396,-1.4115977883338928,5.0859222412109375,7.220787525177002,6.245253298601903,5.851232696616771,5.871296231269199,8.733897013848878,8.241155357054646
great_plains,great_plains_2023080212_humid,great_plains|2023-08-02T12:00:00,2023-08-02T12:00:00,humid,flat,2.4668896198272705,3.474670171737671,2.9707798957824707,5.491503715515137,5.4842987060546875,5.487902393207703,5.785582749097328,5.7858587258897,9.395870301442818,9.630532746332062
great_plains,great_plains_2023092212_extreme,great_plains|2023-09-22T12:00:00,2023-09-22T12:00:00,extreme,flat,-5.7227044105529785,-1.0079251527786255,-3.365314781665802,8.722542762756348,7.335224628448486,8.058792483924325,5.896164407054026,5.884459787718823,7.690961826287485,8.078490529661558
himalayas,himalayas_2020042512_humid,himalayas|2020-04-25T12:00:00,2020-04-25T12:00:00,humid,mountain,-12.115386962890625,-7.699962139129639,-9.907674551010132,23.69540023803711,18.702547073364258,21.345459229917907,5.849343384450936,5.8470670487912155,8.314717267677901,8.403685139117915
himalayas,himalayas_2020070912_extreme,himalayas|2020-07-09T12:00:00,2020-07-09T12:00:00,extreme,mountain,-9.067455291748047,-10.961953163146973,-10.01470422744751,36.36284637451172,41.580482482910156,39.05888580059561,5.8267988397919845,5.8231532178435765,9.188581285438964,9.475017161238025
himalayas,himalayas_2020073012_humid,himalayas|2020-07-30T12:00:00,2020-07-30T12:00:00,humid,mountain,-4.909346103668213,-1.1569132804870605,-3.0331296920776367,26.99085235595703,28.152225494384766,27.577653192283773,5.8278898012276645,5.822982871644869,8.767547417031139,9.065117587544565
himalayas,himalayas_2020082812_low,himalayas|2020-08-28T12:00:00,2020-08-28T12:00:00,low,mountain,9.947144508361816,12.267094612121582,11.1071195602417,26.091360092163086,24.081209182739258,25.106410607270867,5.8643681275237745,5.856626795542273,8.44346024533534,8.772468686960213
himalayas,himalayas_2020112700_low,himalayas|2020-11-27T00:00:00,2020-11-27T00:00:00,low,mountain,-16.31859016418457,-16.832563400268555,-16.575576782226562,23.145784378051758,23.353960037231445,23.250105202943363,5.890822590047993,5.9120354595508875,7.4114569100079555,7.0888777848838265
himalayas,himalayas_2021011900_humid,himalayas|2021-01-19T00:00:00,2021-01-19T00:00:00,humid,mountain,-16.763893127441406,-15.6814603805542,-16.222676753997803,24.906984329223633,23.402273178100586,24.16634289956424,5.906174151217929,5.927821672985147,7.398482700584229,7.249733566386379
himalayas,himalayas_2021022712_extreme,himalayas|2021-02-27T12:00:00,2021-02-27T12:00:00,extreme,mountain,-10.081182479858398,-6.984983444213867,-8.533082962036133,23.467002868652344,24.685115814208984,24.083761815777947,5.90715093730207,5.907260286678551,8.006320539403285,8.097752574007135
himalayas,himalayas_2021051812_extreme,himalayas|2021-05-18T12:00:00,2021-05-18T12:00:00,extreme,mountain,0.07760954648256302,7.207742691040039,3.642676118761301,13.147199630737305,14.964198112487793,14.085028989679829,5.84607456746406,5.839458756360918,8.676576203441126,8.856094734082285
himalayas,himalayas_2021080112_typical,himalayas|2021-08-01T12:00:00,2021-08-01T12:00:00,typical,mountain,8.608246803283691,10.350907325744629,9.47957706451416,25.730335235595703,31.77861213684082,28.91306227883778,5.845504998857649,5.8366042829072935,8.324269988096319,8.68279199417457
himalayas,himalayas_2022021500_low,himalayas|2022-02-15T00:00:00,2022-02-15T00:00:00,low,mountain,-15.911276817321777,-13.819184303283691,-14.865230560302734,23.338884353637695,20.502796173095703,21.966658528187466,5.916697862700311,5.936047763248982,7.443151081590008,7.1958663996113374
himalayas,himalayas_2022050112_typical,himalayas|2022-05-01T12:00:00,2022-05-01T12:00:00,typical,mountain,-8.808175086975098,-4.095563888549805,-6.451869487762451,30.242568969726562,21.289304733276367,26.15193562544627,5.885997508477215,5.875350267490194,8.080602259946433,8.32446646617646
himalayas,himalayas_2022062300_typical,himalayas|2022-06-23T00:00:00,2022-06-23T00:00:00,typical,mountain,7.103534698486328,0.4131815731525421,3.758358135819435,22.679553985595703,18.236652374267578,20.57835827763514,5.85058252288864,5.87063319937097,8.647464742780608,8.215862791006764
japan,japan_2020080112_low,japan|2020-08-01T12:00:00,2020-08-01T12:00:00,low,flat,14.979113578796387,13.089245796203613,14.0341796875,19.791658401489258,19.23143768310547,19.51355858935537,5.815035136611301,5.802556907139273,8.900314553142248,9.292568561285037
japan,japan_2020102700_low,japan|2020-10-27T00:00:00,2020-10-27T00:00:00,low,flat,-3.6270344257354736,-4.718655109405518,-4.172844767570496,8.22977352142334,9.362876892089844,8.814551489166952,5.898425654387828,5.916702326023375,7.916811556853773,7.650252613322193
japan,japan_2021022700_low,japan|2021-02-27T00:00:00,2021-02-27T00:00:00,low,flat,-8.627396583557129,-7.412337303161621,-8.019866943359375,10.348520278930664,8.489347457885742,9.464694718377089,5.918194722203303,5.9371178273578415,7.823175545627439,7.569094482431893
japan,japan_2021031500_typical,japan|2021-03-15T00:00:00,2021-03-15T00:00:00,typical,flat,-4.3923444747924805,-2.8822178840637207,-3.6372811794281006,7.238687038421631,5.885314464569092,6.5967990869466195,5.894823642138672,5.9150155726633376,7.822753069554824,7.577794952742857
japan,japan_2021080812_humid,japan|2021-08-08T12:00:00,2021-08-08T12:00:00,humid,flat,14.809122085571289,17.721952438354492,16.26553726196289,27.203338623046875,26.093013763427734,26.65395842551893,5.790655148354336,5.777116924112435,9.57460316196837,9.988575328472002
japan,japan_2021091800_extreme,japan|2021-09-18T00:00:00,2021-09-18T00:00:00,extreme,flat,9.854416847229004,11.784345626831055,10.81938123703003,17.771398544311523,20.885290145874023,19.390950862426788,5.8620026613077965,5.887178905345638,8.34643586346844,7.855411249808692
japan,japan_2022020312_typical,japan|2022-02-03T12:00:00,2022-02-03T12:00:00,typical,flat,-3.0024802684783936,-5.6810407638549805,-4.341760516166687,7.575366497039795,8.5877046585083,8.097371452089812,5.937824747473456,5.939461186594717,7.352485082908185,7.344567369289074
japan,japan_2022021300_humid,japan|2022-02-13T00:00:00,2022-02-13T00:00:00,humid,flat,-5.994204998016357,-3.1334402561187744,-4.563822627067566,8.433445930480957,6.765826225280762,7.645240832473584,5.9262507585543815,5.949564410595638,7.429831570711502,7.171976251854535
japan,japan_2023032300_extreme,japan|2023-03-23T00:00:00,2023-03-23T00:00:00,extreme,flat,-4.524018287658691,-1.749801516532898,-3.1369099020957947,9.199922561645508,11.289636611938477,10.297923819146646,5.877384899469196,5.899154931639353,8.29348542720489,8.028581130628924
japan,japan_2023032700_typical,japan|2023-03-27T00:00:00,2023-03-27T00:00:00,typical,flat,-2.2199690341949463,-2.759805917739868,-2.4898874759674072,8.593073844909668,7.805314540863037,8.208649498726285,5.912154942266713,5.932859561508404,7.802827300850488,7.450104722720566
japan,japan_2023100100_extreme,japan|2023-10-01T00:00:00,2023-10-01T00:00:00,extreme,flat,14.633841514587402,15.602307319641113,15.118074417114258,20.802276611328125,23.243589401245117,22.056735484516782,5.830294561650879,5.857685142199212,8.638053348772281,8.13332998655022
japan,japan_2023100412_humid,japan|2023-10-04T12:00:00,2023-10-04T12:00:00,humid,flat,2.1086301803588867,1.4454771280288696,1.7770536541938782,14.09273624420166,11.42604923248291,12.828870096617209,5.854152676475843,5.842283865692743,8.02794628129127,8.332720332416924
netherlands,netherlands_2020020100_extreme,netherlands|2020-02-01T00:00:00,2020-02-01T00:00:00,extreme,flat,3.440932512283325,-0.012937366031110287,1.7139975731261075,4.047800064086914,1.961376667022705,3.1805411323203416,5.850206583697408,5.869891528792513,8.230892456131308,7.960846324802317
netherlands,netherlands_2020050412_low,netherlands|2020-05-04T12:00:00,2020-05-04T12:00:00,low,flat,-3.612908363342285,-2.9128916263580322,-3.2628999948501587,4.006250381469727,3.3911569118499756,3.7114678578571976,5.8355152406277115,5.829995228977078,8.352381244424164,8.62976058805462
netherlands,netherlands_2020121200_humid,netherlands|2020-12-12T00:00:00,2020-12-12T00:00:00,humid,flat,7.509908199310303,3.6957733631134033,5.602840781211853,7.710258960723877,4.197566509246826,6.207562236537521,5.916535491678114,5.934340228394033,7.443449962860173,7.22170018632171
netherlands,netherlands_2021070912_typical,netherlands|2021-07-09T12:00:00,2021-07-09T12:00:00,typical,flat,-5.918313980102539,-4.065229892730713,-4.991771936416626,6.19430685043335,4.6224236488342285,5.465173270200473,5.8198242660118495,5.814761530269771,9.742421791080686,10.027954840418538
netherlands,netherlands_2021122712_typical,netherlands|2021-12-27T12:00:00,2021-12-27T12:00:00,typical,flat,2.5412724018096924,5.869354724884033,4.205313563346863,2.890753984451294,6.538717269897461,5.055258753727466,5.901616519656958,5.893051172753329,7.643536162828049,7.892934788203904
netherlands,netherlands_2022030700_low,netherlands|2022-03-07T00:00:00,2022-03-07T00:00:00,low,flat,-6.4927239418029785,-9.712602615356445,-8.102663278579712,6.625945568084717,10.010161399841309,8.48841816600992,5.8965845236707874,5.92132322026552,7.861882828932738,7.540434506437136
netherlands,netherlands_2022081512_humid,netherlands|2022-08-15T12:00:00,2022-08-15T12:00:00,humid,flat,1.8281320333480835,4.069602012634277,2.9488670229911804,3.5607521533966064,6.277060508728027,5.102962106862618,5.8442953966869595,5.846933011105862,9.003853480652555,9.215363200726923
netherlands,netherlands_2022102512_typical,netherlands|2022-10-25T12:00:00,2022-10-25T12:00:00,typical,flat,0.15192165970802307,-0.06952282786369324,0.04119941592216492,1.8275763988494873,2.1907362937927246,2.01734491381275,5.8891752906101535,5.883970649107323,8.011587480737713,8.14990853973295
netherlands,netherlands_2023012000_low,netherlands|2023-01-20T00:00:00,2023-01-20T00:00:00,low,flat,1.2867045402526855,-1.2705082893371582,0.008098125457763672,1.8133808374404907,2.0396547317504883,1.9298369732115368,5.89045658957822,5.916955855941387,8.25018005996326,7.960789235880887
netherlands,netherlands_2023021700_extreme,netherlands|2023-02-17T00:00:00,2023-02-17T00:00:00,extreme,flat,-3.0406124591827393,-3.778641700744629,-3.409627079963684,3.606736660003662,4.187563419342041,3.9079557780012033,5.897826913023605,5.921404745227809,7.764955000423956,7.438984154692272
netherlands,netherlands_2023021812_humid,netherlands|2023-02-18T12:00:00,2023-02-18T12:00:00,humid,flat,-0.9891987442970276,-5.847334384918213,-3.4182665646076202,2.7342991828918457,6.194355487823486,4.787819541873522,5.888097299281952,5.888569226156862,7.913202932536522,7.8663052033244245
netherlands,netherlands_2023100212_extreme,netherlands|2023-10-02T12:00:00,2023-10-02T12:00:00,extreme,flat,-7.890186786651611,-4.8419599533081055,-6.366073369979858,8.10698413848877,6.217888832092285,7.224449229870968,5.844703996495575,5.833469223459281,8.5264291871559,8.840991134617742
new_zealand_alps,new_zealand_alps_2020040200_humid,new_zealand_alps|2020-04-02T00:00:00,2020-04-02T00:00:00,humid,mountain,-6.693554878234863,-8.211099624633789,-7.452327251434326,9.153590202331543,10.46161937713623,9.829386898079967,5.876519058513164,5.898449020496125,8.002673633721571,7.62651201489465
new_zealand_alps,new_zealand_alps_2020122312_humid,new_zealand_alps|2020-12-23T12:00:00,2020-12-23T12:00:00,humid,mountain,4.536956787109375,8.223048210144043,6.380002498626709,9.946439743041992,11.395393371582031,10.695481608021701,5.91089278395612,5.904189676463333,7.491968345696942,7.793439634220401
new_zealand_alps,new_zealand_alps_2021031800_low,new_zealand_alps|2021-03-18T00:00:00,2021-03-18T00:00:00,low,mountain,-9.39646053314209,-10.81792163848877,-10.10719108581543,10.906804084777832,12.392704963684082,11.673420913782012,5.917534255414514,5.9362418172189475,7.686121166194505,7.447610752653839
new_zealand_alps,new_zealand_alps_2021042412_low,new_zealand_alps|2021-04-24T12:00:00,2021-04-24T12:00:00,low,mountain,-2.5595896244049072,-2.5772433280944824,-2.568416476249695,6.086837291717529,6.80023193359375,6.453399978558255,5.892614651439661,5.886875272749187,8.11716762075535,8.220148357146352
new_zealand_alps,new_zealand_alps_2021061700_typical,new_zealand_alps|2021-06-17T00:00:00,2021-06-17T00:00:00,typical,mountain,-3.6237294673919678,-3.388808250427246,-3.506268858909607,6.933609485626221,5.9656171798706055,6.467748017507068,5.808021554026027,5.8332015776069115,9.751518912748658,9.173901791216887
new_zealand_alps,new_zealand_alps_2021092812_typical,new_zealand_alps|2021-09-28T12:00:00,2021-09-28T12:00:00,typical,mountain,-7.977619647979736,-6.579627513885498,-7.278623580932617,9.476730346679688,8.181772232055664,8.852960378340029,5.898817457067931,5.892668680306202,7.7583195772637685,8.086124676983424
new_zealand_alps,new_zealand_alps_2022051812_humid,new_zealand_alps|2022-05-18T12:00:00,2022-05-18T12:00:00,humid,mountain,-0.6732103228569031,1.169620394706726,0.2482050359249115,6.7107343673706055,7.032780170440674,6.873643599836717,5.820061944055483,5.811675839722103,8.844491617206572,9.107822028743717
new_zealand_alps,new_zealand_alps_2022080512_extreme,new_zealand_alps|2022-08-05T12:00:00,2022-08-05T12:00:00,extreme,mountain,-0.5239301323890686,1.216619849205017,0.34634485840797424,6.345962047576904,6.297334671020508,6.321695115557354,5.836117324437724,5.831550132390181,9.184184720620832,9.428561579759513
new_zealand_alps,new_zealand_alps_2023032400_typical,new_zealand_alps|2023-03-24T00:00:00,2023-03-24T00:00:00,typical,mountain,-6.876790523529053,-4.7651567459106445,-5.820973634719849,9.035476684570312,7.781343936920166,8.43175996996054,5.881936054161769,5.899915119150451,8.468842683449763,8.102131641785263
new_zealand_alps,new_zealand_alps_2023091212_low,new_zealand_alps|2023-09-12T12:00:00,2023-09-12T12:00:00,low,mountain,-4.328320026397705,-4.753762245178223,-4.541041135787964,6.3666229248046875,7.09812068939209,6.7422994885952905,5.869723086917211,5.851226451215524,8.615126014908334,9.133238576487377
new_zealand_alps,new_zealand_alps_2023102512_extreme,new_zealand_alps|2023-10-25T12:00:00,2023-10-25T12:00:00,extreme,mountain,-3.086038589477539,-0.7446624636650085,-1.9153505265712738,8.001691818237305,6.539139270782471,7.307099778870387,5.881019253822495,5.876161824056238,8.422532838839505,8.551875253695973
new_zealand_alps,new_zealand_alps_2023122300_extreme,new_zealand_alps|2023-12-23T00:00:00,2023-12-23T00:00:00,extreme,mountain,-0.11574613302946091,-1.1208449602127075,-0.6182955466210842,7.6432695388793945,7.940529823303223,7.793317108867364,5.8371161856934135,5.862840264507808,8.130711112874007,7.778552058779912
pampas,pampas_2020042100_humid,pampas|2020-04-21T00:00:00,2020-04-21T00:00:00,humid,flat,-1.7155739068984985,-1.7087568044662476,-1.712165355682373,3.841404438018799,4.229108810424805,4.039910233337074,5.840536258634984,5.866631451342104,8.648086154893116,8.251128689878323
pampas,pampas_2021012612_humid,pampas|2021-01-26T12:00:00,2021-01-26T12:00:00,humid,flat,-2.735034465789795,-1.013602375984192,-1.8743184208869934,6.227659702301025,5.2085418701171875,5.740760131743354,5.930059955043199,5.9306766755985105,7.706284609856928,7.674164245514134
pampas,pampas_2021032112_low,pampas|2021-03-21T12:00:00,2021-03-21T12:00:00,low,flat,-4.207275390625,-6.2402424812316895,-5.223758935928345,6.134446620941162,8.069798469543457,7.167743113568676,5.907189531373133,5.900078139663602,7.951221664840732,8.089874398026593
pampas,pampas_2021041212_low,pampas|2021-04-12T12:00:00,2021-04-12T12:00:00,low,flat,-2.8260602951049805,-1.2384947538375854,-2.032277524471283,4.499446868896484,3.6981093883514404,4.118314896546611,5.8898987999290995,5.885608480346864,8.195860971822684,8.373966479912374
pampas,pampas_2021080612_typical,pampas|2021-08-06T12:00:00,2021-08-06T12:00:00,typical,flat,-7.147249221801758,-7.628705024719238,-7.387977123260498,8.239713668823242,8.699965476989746,8.472965261495116,5.817396489891249,5.801640922750228,9.090308854529388,9.476338156700752
pampas,pampas_2021090812_extreme,pampas|2021-09-08T12:00:00,2021-09-08T12:00:00,extreme,flat,2.3427653312683105,5.416347980499268,3.879556655883789,4.97235107421875,6.169685363769531,5.6030925698758685,5.864644440923218,5.855256765256836,8.269076641517364,8.623999902778198
pampas,pampas_2021101800_typical,pampas|2021-10-18T00:00:00,2021-10-18T00:00:00,typical,flat,-5.563750743865967,-2.5285842418670654,-4.046167492866516,6.058109283447266,3.3595643043518066,4.89833443148101,5.864054124245691,5.88273372691613,8.148466820049554,7.761286365464986
pampas,pampas_2022070912_humid,pampas|2022-07-09T12:00:00,2022-07-09T12:00:00,humid,flat,5.1561479568481445,4.531778812408447,4.843963384628296,6.844851970672607,6.194812297821045,6.527928381410734,5.812640180547224,5.800599407858594,9.40841438015588,9.839857494469
pampas,pampas_2022072600_extreme,pampas|2022-07-26T00:00:00,2022-07-26T00:00:00,extreme,flat,0.299452006816864,-2.062188148498535,-0.8813680708408356,3.4620473384857178,4.542933464050293,4.0388127112249235,5.825078939948694,5.841702831491159,8.937278753413171,8.505837346417746
pampas,pampas_2023030212_typical,pampas|2023-03-02T12:00:00,2023-03-02T12:00:00,typical,flat,1.5340181589126587,1.7308356761932373,1.632426917552948,3.530116558074951,5.015599727630615,4.336932299529429,5.878239822379107,5.8800218031388125,8.365854831194103,8.393798233234792
pampas,pampas_2023072312_low,pampas|2023-07-23T12:00:00,2023-07-23T12:00:00,low,flat,-2.4734437465667725,-9.9976224899292,-6.235533118247986,5.339019775390625,10.182415962219238,8.129782499847991,5.800046431151178,5.7891697253363805,9.391493795703184,9.835821485940038
pampas,pampas_2023121500_extreme,pampas|2023-12-15T00:00:00,2023-12-15T00:00:00,extreme,flat,-3.2536067962646484,0.9862567782402039,-1.1336750090122223,7.558877468109131,6.642002582550049,7.115224061281887,5.873488640393196,5.898487550810927,7.871326495265657,7.51481913591559
pyrenees,pyrenees_2020020812_typical,pyrenees|2020-02-08T12:00:00,2020-02-08T12:00:00,typical,mountain,-5.383709907531738,-5.457520961761475,-5.4206154346466064,10.673025131225586,11.816109657287598,11.25908328605882,5.862606721856361,5.864821644916921,7.835455766870174,7.848606661058191
pyrenees,pyrenees_2020050712_typical,pyrenees|2020-05-07T12:00:00,2020-05-07T12:00:00,typical,mountain,-4.844081878662109,-6.080137252807617,-5.462109565734863,15.933500289916992,16.15516471862793,16.04471530714686,5.849934452381724,5.839448637907394,8.253209875087874,8.52133209089685
pyrenees,pyrenees_2020080212_humid,pyrenees|2020-08-02T12:00:00,2020-08-02T12:00:00,humid,mountain,-4.996551036834717,-2.8138427734375,-3.9051969051361084,23.315458297729492,20.364652633666992,21.88983408483357,5.81506457753745,5.807165871985321,8.90844714616952,9.267412853572713
pyrenees,pyrenees_2021012900_extreme,pyrenees|2021-01-29T00:00:00,2021-01-29T00:00:00,extreme,mountain,-3.5052168369293213,-3.3873982429504395,-3.4463075399398804,15.48674488067627,15.190865516662598,15.339518606274472,5.928621325556188,5.951387241778006,7.200762001594124,6.912534240453441
pyrenees,pyrenees_2021032512_low,pyrenees|2021-03-25T12:00:00,2021-03-25T12:00:00,low,mountain,-8.182964324951172,-7.962568759918213,-8.072766542434692,14.27164363861084,13.767206192016602,14.021693522556424,5.908525602644185,5.904649185182785,7.893737674218849,8.021450188971961
pyrenees,pyrenees_2021111812_low,pyrenees|2021-11-18T12:00:00,2021-11-18T12:00:00,low,mountain,-6.2455644607543945,-6.345053672790527,-6.295309066772461,13.506436347961426,13.37032413482666,13.43855256885692,5.925499029138367,5.927650016431446,7.3783312486005785,7.3991194722384
pyrenees,pyrenees_2022031500_extreme,pyrenees|2022-03-15T00:00:00,2022-03-15T00:00:00,extreme,mountain,-1.052340030670166,-3.2967143058776855,-2.174527168273926,12.472975730895996,13.747392654418945,13.125660523918263,5.895713202905645,5.915930808119124,8.16276067755977,7.824937118093083
pyrenees,pyrenees_2022063000_humid,pyrenees|2022-06-30T00:00:00,2022-06-30T00:00:00,humid,mountain,2.9291563034057617,0.4028620421886444,1.666009172797203,19.852275848388672,20.450786590576172,20.15375310623069,5.82096697654323,5.837759972597573,9.625332498381225,9.286334127500906
pyrenees,pyrenees_2022082312_typical,pyrenees|2022-08-23T12:00:00,2022-08-23T12:00:00,typical,mountain,-4.205732822418213,-3.751267671585083,-3.978500247001648,22.516218185424805,21.268360137939453,21.90117832824009,5.860054362212145,5.8477386342544255,8.349941215706965,8.799575664504594
pyrenees,pyrenees_2023030712_humid,pyrenees|2023-03-07T12:00:00,2023-03-07T12:00:00,humid,mountain,-3.5286335945129395,2.600384473800659,-0.46412456035614014,9.871997833251953,11.908501625061035,10.937750046828931,5.867838862995337,5.8664175551220525,8.565885005251861,8.571043206512709
pyrenees,pyrenees_2023051312_low,pyrenees|2023-05-13T12:00:00,2023-05-13T12:00:00,low,mountain,-2.1444952487945557,-0.8602415919303894,-1.5023684203624725,13.678568840026855,13.475128173828125,13.577229555628241,5.8321425845830515,5.825212055022864,8.61613876030944,8.789689433277049
pyrenees,pyrenees_2023062200_extreme,pyrenees|2023-06-22T00:00:00,2023-06-22T00:00:00,extreme,mountain,-7.600612163543701,-1.781943678855896,-4.691277921199799,27.473886489868164,27.02631950378418,27.251021859544878,5.809779516305989,5.827309274288137,9.625403102871418,9.203798022502042
rockies,rockies_2020041812_typical,rockies|2020-04-18T12:00:00,2020-04-18T12:00:00,typical,mountain,-3.8806958198547363,-2.2197976112365723,-3.0502467155456543,5.384851932525635,3.994263172149658,4.740821058825998,5.824401420289568,5.8315624239614055,8.620866870734403,8.710347665239587
rockies,rockies_2020052800_extreme,rockies|2020-05-28T00:00:00,2020-05-28T00:00:00,extreme,mountain,1.377469778060913,5.46809720993042,3.4227834939956665,6.098448276519775,9.533326148986816,8.002355242187853,5.800266596440766,5.823995392490651,9.355169661680522,8.95979887071074
rockies,rockies_2020092512_low,rockies|2020-09-25T12:00:00,2020-09-25T12:00:00,low,mountain,-2.642181873321533,-2.936394691467285,-2.789288282394409,6.019444465637207,5.9831767082214355,6.001337984012144,5.847213903694945,5.839192579813631,8.952813910446556,9.16892254767035
rockies,rockies_2020102812_low,rockies|2020-10-28T12:00:00,2020-10-28T12:00:00,low,mountain,-3.3945083618164062,-4.113521099090576,-3.754014730453491,4.8452982902526855,5.400808334350586,5.130577267029333,5.896003730201877,5.893665775196203,7.884229628786003,8.037684967155526
rockies,rockies_2020121900_humid,rockies|2020-12-19T00:00:00,2020-12-19T00:00:00,humid,mountain,-1.250593662261963,-2.089235305786133,-1.6699144840240479,3.2494707107543945,3.9863786697387695,3.636638200220013,5.910471592167204,5.933124163431581,7.475464775285225,7.110953269305216
rockies,rockies_2021082000_humid,rockies|2021-08-20T00:00:00,2021-08-20T00:00:00,humid,mountain,3.0158274173736572,8.222986221313477,5.619406819343567,13.982234001159668,13.538681030273438,13.762244578968057,5.837096945175368,5.858965790432502,8.95520047347178,8.532842978185093
rockies,rockies_2021082900_typical,rockies|2021-08-29T00:00:00,2021-08-29T00:00:00,typical,mountain,1.1866145133972168,3.324307918548584,2.2554612159729004,5.879099369049072,9.245439529418945,7.747320875092744,5.863522768108995,5.877529888237476,8.432517797754938,8.07158087499769
rockies,rockies_2022030712_low,rockies|2022-03-07T12:00:00,2022-03-07T12:00:00,low,mountain,-2.0245676040649414,-1.5256448984146118,-1.7751062512397766,2.5297091007232666,1.9902788400650024,2.2760314140508484,5.90160976217889,5.904059302087492,7.884115577130954,7.932446063610968
rockies,rockies_2022072512_extreme,rockies|2022-07-25T12:00:00,2022-07-25T12:00:00,extreme,mountain,-7.15554666519165,0.9434453845024109,-3.1060506403446198,16.545276641845703,9.43310546875,13.467175983474899,5.82904235843555,5.824004641861282,8.772230574972706,9.11816080775385
rockies,rockies_2022110100_typical,rockies|2022-11-01T00:00:00,2022-11-01T00:00:00,typical,mountain,-2.457559585571289,-0.49370077252388,-1.4756301790475845,4.646215915679932,3.7078030109405518,4.203279999182622,5.899151453372093,5.912285929513452,7.621780059745044,7.406971405858778
rockies,rockies_2023081900_humid,rockies|2023-08-19T00:00:00,2023-08-19T00:00:00,humid,mountain,5.048724174499512,9.572510719299316,7.310617446899414,11.615389823913574,13.612858772277832,12.653600371346025,5.834508853067227,5.855707400554634,8.749418554466173,8.264510289247607
rockies,rockies_2023090312_extreme,rockies|2023-09-03T12:00:00,2023-09-03T12:00:00,extreme,mountain,7.475894927978516,5.484992504119873,6.480443716049194,13.744994163513184,11.554931640625,12.69726958394064,5.827794983660088,5.820217303013675,8.869876307591237,9.281995542841479
ticino,ticino_2020050600_typical,ticino|2020-05-06T00:00:00,2020-05-06T00:00:00,typical,mountain,6.668339729309082,4.974748134613037,5.82154393196106,18.740554809570312,17.274200439453125,18.02229723693558,5.843691560235288,5.864814361144371,8.305269016418219,7.9226272453143185
ticino,ticino_2020070812_low,ticino|2020-07-08T12:00:00,2020-07-08T12:00:00,low,mountain,3.1164743900299072,6.166647434234619,4.641560912132263,16.676464080810547,19.23808479309082,18.002893666640325,5.827756211093261,5.82278592728914,9.148440577854535,9.428571449620069
ticino,ticino_2020100100_typical,ticino|2020-10-01T00:00:00,2020-10-01T00:00:00,typical,mountain,7.8279314041137695,2.3645081520080566,5.096219778060913,19.60287094116211,16.307416915893555,18.03059061157772,5.890195156710811,5.910550944213188,7.939170001486389,7.47498329355989
ticino,ticino_2020120200_typical,ticino|2020-12-02T00:00:00,2020-12-02T00:00:00,typical,mountain,0.8911045789718628,-0.011200124397873878,0.43995222728699446,11.440389633178711,11.164607048034668,11.303339451152661,5.897039961531451,5.922050601219645,7.620658295018007,7.2633020522756855
ticino,ticino_2021101912_humid,ticino|2021-10-19T12:00:00,2021-10-19T12:00:00,humid,mountain,-4.668737411499023,5.384529113769531,0.3578958511352539,9.577938079833984,13.053524017333984,11.448392619321043,5.865084793717569,5.855175209041256,8.067741923820646,8.409031257724562
ticino,ticino_2022062512_low,ticino|2022-06-25T12:00:00,2022-06-25T12:00:00,low,mountain,6.543094158172607,4.92503547668457,5.734064817428589,19.254852294921875,16.77676010131836,18.058363940241733,5.8553972314441465,5.842864277775514,8.559275046081984,8.974148475251626
ticino,ticino_2022110212_humid,ticino|2022-11-02T12:00:00,2022-11-02T12:00:00,humid,mountain,-4.515044212341309,-1.0048974752426147,-2.7599708437919617,14.458373069763184,15.670140266418457,15.076436047582373,5.886394302300229,5.876741689144387,7.951481209168357,8.263314920371794
ticino,ticino_2023043012_extreme,ticino|2023-04-30T12:00:00,2023-04-30T12:00:00,extreme,mountain,3.494410991668701,5.7181010246276855,4.606256008148193,16.410924911499023,17.989465713500977,17.218294530935495,5.891857869737848,5.88527484787395,7.76537841569264,7.961319267784402
ticino,ticino_2023050412_low,ticino|2023-05-04T12:00:00,2023-05-04T12:00:00,low,mountain,-1.3503215312957764,-0.5723608732223511,-0.9613412022590637,11.996981620788574,13.782238960266113,12.920481391330123,5.879041222396328,5.873710865352112,8.245941863518626,8.396076486725539
ticino,ticino_2023081400_extreme,ticino|2023-08-14T00:00:00,2023-08-14T00:00:00,extreme,mountain,2.394928216934204,1.510176420211792,1.952552318572998,28.07866096496582,22.118757247924805,25.274993805915376,5.80857205146913,5.827937787676793,9.13180127681347,8.720075512740205
ticino,ticino_2023091512_humid,ticino|2023-09-15T12:00:00,2023-09-15T12:00:00,humid,mountain,5.778711795806885,10.232101440429688,8.005406618118286,21.42836570739746,23.24111557006836,22.35312405270504,5.859712528011973,5.848158142398477,8.29078731719466,8.680186885396203
ticino,ticino_2023111312_extreme,ticino|2023-11-13T12:00:00,2023-11-13T12:00:00,extreme,mountain,3.1910107135772705,4.4967732429504395,3.843891978263855,13.452203750610352,14.355262756347656,13.911063125291994,5.846055994662109,5.840947811164736,8.402101526778422,8.582049262458282
valais,valais_2020042512_humid,valais|2020-04-25T12:00:00,2020-04-25T12:00:00,humid,mountain,-7.173303127288818,-5.272065162658691,-6.222684144973755,15.018416404724121,13.637127876281738,14.344408109429734,5.849343384450936,5.8470670487912155,8.314717267677901,8.403685139117915
valais,valais_2020051000_extreme,valais|2020-05-10T00:00:00,2020-05-10T00:00:00,extreme,mountain,-1.6166502237319946,-1.3186613321304321,-1.4676557779312134,16.1953125,16.738603591918945,16.469198480497738,5.825451770297501,5.847120061460424,8.52337755907931,8.051883651528843
valais,valais_2020090200_low,valais|2020-09-02T00:00:00,2020-09-02T00:00:00,low,mountain,-9.030158042907715,-9.046566009521484,-9.0383620262146,18.395544052124023,17.910551071166992,18.154667177430113,5.848481160797393,5.866008579324898,8.485770258812426,8.068129644774606
valais,valais_2020091212_humid,valais|2020-09-12T12:00:00,2020-09-12T12:00:00,humid,mountain,-13.903059959411621,-7.226040363311768,-10.564550161361694,24.786697387695312,21.923059463500977,23.398727568282226,5.864542965350596,5.858313048757904,8.27592927854906,8.59374917919001
valais,valais_2020121012_low,valais|2020-12-10T12:00:00,2020-12-10T12:00:00,low,mountain,-7.514423370361328,-7.522685527801514,-7.518554449081421,11.366490364074707,11.498146057128906,11.43250772900837,5.901267107058444,5.888317377519165,7.499176901086425,7.8870844452581155
valais,valais_2021021900_humid,valais|2021-02-19T00:00:00,2021-02-19T00:00:00,humid,mountain,-10.676557540893555,-7.6596550941467285,-9.168106317520142,13.866016387939453,12.639345169067383,13.266865808724992,5.865575070572559,5.885835462630354,8.302517646047328,8.071149936472096
valais,valais_2021050100_typical,valais|2021-05-01T00:00:00,2021-05-01T00:00:00,typical,mountain,-4.814272880554199,-4.98308801651001,-4.8986804485321045,15.477021217346191,14.350044250488281,14.92417427788144,5.8618877720764875,5.8807586624044665,8.247420047392858,7.92880506785661
valais,valais_2021051012_extreme,valais|2021-05-10T12:00:00,2021-05-10T12:00:00,extreme,mountain,-5.1187310218811035,-4.605189800262451,-4.861960411071777,15.903887748718262,17.5546875,16.749637290796585,5.855025770235228,5.845061983200772,8.519780903233134,8.772742350271523
valais,valais_2021062012_extreme,valais|2021-06-20T12:00:00,2021-06-20T12:00:00,extreme,mountain,-8.745015144348145,-9.152520179748535,-8.94876766204834,22.58442497253418,27.379011154174805,25.09647886776603,5.8019629198095934,5.794256141370073,9.780566957090258,10.176311153504521
valais,valais_2021121400_low,valais|2021-12-14T00:00:00,2021-12-14T00:00:00,low,mountain,-13.316246032714844,-13.078728675842285,-13.197487354278564,16.898513793945312,16.076763153076172,16.492757227405423,5.90226855014669,5.918378796797017,7.642659576540705,7.46935726182598
valais,valais_2022031112_typical,valais|2022-03-11T12:00:00,2022-03-11T12:00:00,typical,mountain,-9.844374656677246,-9.366448402404785,-9.605411529541016,11.95731258392334,12.472192764282227,12.217465297251008,5.908012701889015,5.913869107357282,7.877524538080698,7.834970539041597
valais,valais_2022061712_typical,valais|2022-06-17T12:00:00,2022-06-17T12:00:00,typical,mountain,-4.8874030113220215,-8.019319534301758,-6.45336127281189,19.92323112487793,17.625736236572266,18.809594843277743,5.861713257376951,5.8564047355590905,8.943833558940588,9.315798335843676
